mass,sigma
105.00000000,416.26845909
105.01000000,415.69094367
105.02000000,415.11382970
105.03000000,414.53715265
105.04000000,413.96094799
105.05000000,413.38525118
105.06000000,412.81009768
105.07000000,412.23552296
105.08000000,411.66156247
105.09000000,411.08825169
105.10000000,410.51562607
105.11000000,409.94372108
105.12000000,409.37257218
105.13000000,408.80221483
105.14000000,408.23268451
105.15000000,407.66401667
105.16000000,407.09624677
105.17000000,406.52941028
105.18000000,405.96354267
105.19000000,405.39867939
105.20000000,404.83485590
105.21000000,404.27210769
105.22000000,403.71047019
105.23000000,403.14997889
105.24000000,402.59066924
105.25000000,402.03257670
105.26000000,401.47572841
105.27000000,400.92011818
105.28000000,400.36573146
105.29000000,399.81255374
105.30000000,399.26057049
105.31000000,398.70976717
105.32000000,398.16012925
105.33000000,397.61164222
105.34000000,397.06429154
105.35000000,396.51806268
105.36000000,395.97294384
105.37000000,395.42893409
105.38000000,394.88603523
105.39000000,394.34424907
105.40000000,393.80357741
105.41000000,393.26402203
105.42000000,392.72558475
105.43000000,392.18826737
105.44000000,391.65207167
105.45000000,391.11699947
105.46000000,390.58305159
105.47000000,390.05022490
105.48000000,389.51851532
105.49000000,388.98791875
105.50000000,388.45843110
105.51000000,387.93004827
105.52000000,387.40276617
105.53000000,386.87658070
105.54000000,386.35148778
105.55000000,385.82748330
105.56000000,385.30456322
105.57000000,384.78272370
105.58000000,384.26196092
105.59000000,383.74227110
105.60000000,383.22365042
105.61000000,382.70609510
105.62000000,382.18960132
105.63000000,381.67416528
105.64000000,381.15978320
105.65000000,380.64645126
105.66000000,380.13416587
105.67000000,379.62292429
105.68000000,379.11272400
105.69000000,378.60356246
105.70000000,378.09543713
105.71000000,377.58834550
105.72000000,377.08228501
105.73000000,376.57725315
105.74000000,376.07324739
105.75000000,375.57026518
105.76000000,375.06830396
105.77000000,374.56736096
105.78000000,374.06743339
105.79000000,373.56851844
105.80000000,373.07061332
105.81000000,372.57371521
105.82000000,372.07782133
105.83000000,371.58292886
105.84000000,371.08903500
105.85000000,370.59613696
105.86000000,370.10423195
105.87000000,369.61331735
105.88000000,369.12339052
105.89000000,368.63444885
105.90000000,368.14648973
105.91000000,367.65951054
105.92000000,367.17350866
105.93000000,366.68848148
105.94000000,366.20442638
105.95000000,365.72134075
105.96000000,365.23922197
105.97000000,364.75806749
105.98000000,364.27787476
105.99000000,363.79864124
106.00000000,363.32036436
106.01000000,362.84304158
106.02000000,362.36667036
106.03000000,361.89124813
106.04000000,361.41677236
106.05000000,360.94324050
106.06000000,360.47065000
106.07000000,359.99899838
106.08000000,359.52828318
106.09000000,359.05850193
106.10000000,358.58965215
106.11000000,358.12173137
106.12000000,357.65473714
106.13000000,357.18866697
106.14000000,356.72351841
106.15000000,356.25928897
106.16000000,355.79597620
106.17000000,355.33357772
106.18000000,354.87209113
106.19000000,354.41151406
106.20000000,353.95184413
106.21000000,353.49307895
106.22000000,353.03521615
106.23000000,352.57825334
106.24000000,352.12218815
106.25000000,351.66701819
106.26000000,351.21274108
106.27000000,350.75935448
106.28000000,350.30685603
106.29000000,349.85524339
106.30000000,349.40451420
106.31000000,348.95466611
106.32000000,348.50569678
106.33000000,348.05760386
106.34000000,347.61038500
106.35000000,347.16403784
106.36000000,346.71856010
106.37000000,346.27394967
106.38000000,345.83020452
106.39000000,345.38732261
106.40000000,344.94530189
106.41000000,344.50414034
106.42000000,344.06383590
106.43000000,343.62438654
106.44000000,343.18579022
106.45000000,342.74804490
106.46000000,342.31114838
106.47000000,341.87509786
106.48000000,341.43989040
106.49000000,341.00552304
106.50000000,340.57199283
106.51000000,340.13929682
106.52000000,339.70743206
106.53000000,339.27639558
106.54000000,338.84618445
106.55000000,338.41679571
106.56000000,337.98822652
106.57000000,337.56047449
106.58000000,337.13353732
106.59000000,336.70741275
106.60000000,336.28209848
106.61000000,335.85759223
106.62000000,335.43389172
106.63000000,335.01099467
106.64000000,334.58889879
106.65000000,334.16760180
106.66000000,333.74710174
106.67000000,333.32739794
106.68000000,332.90849002
106.69000000,332.49037766
106.70000000,332.07306047
106.71000000,331.65653813
106.72000000,331.24081026
106.73000000,330.82587651
106.74000000,330.41173653
106.75000000,329.99838997
106.76000000,329.58583616
106.77000000,329.17407321
106.78000000,328.76309892
106.79000000,328.35291110
106.80000000,327.94350756
106.81000000,327.53488609
106.82000000,327.12704449
106.83000000,326.71998058
106.84000000,326.31369215
106.85000000,325.90817700
106.86000000,325.50343286
106.87000000,325.09945713
106.88000000,324.69624712
106.89000000,324.29380015
106.90000000,323.89211353
106.91000000,323.49118458
106.92000000,323.09101062
106.93000000,322.69158896
106.94000000,322.29291691
106.95000000,321.89499181
106.96000000,321.49781113
106.97000000,321.10137305
106.98000000,320.70567594
106.99000000,320.31071815
107.00000000,319.91649804
107.01000000,319.52301396
107.02000000,319.13026426
107.03000000,318.73824731
107.04000000,318.34696146
107.05000000,317.95640506
107.06000000,317.56657644
107.07000000,317.17747379
107.08000000,316.78909527
107.09000000,316.40143903
107.10000000,316.01450322
107.11000000,315.62828601
107.12000000,315.24278554
107.13000000,314.85799999
107.14000000,314.47392750
107.15000000,314.09056622
107.16000000,313.70791434
107.17000000,313.32597011
107.18000000,312.94473180
107.19000000,312.56419769
107.20000000,312.18436604
107.21000000,311.80523513
107.22000000,311.42680323
107.23000000,311.04906862
107.24000000,310.67202956
107.25000000,310.29568434
107.26000000,309.92003123
107.27000000,309.54506854
107.28000000,309.17079462
107.29000000,308.79720778
107.30000000,308.42430635
107.31000000,308.05208867
107.32000000,307.68055305
107.33000000,307.30969782
107.34000000,306.93952132
107.35000000,306.57002186
107.36000000,306.20119779
107.37000000,305.83304746
107.38000000,305.46556925
107.39000000,305.09876152
107.40000000,304.73262264
107.41000000,304.36715097
107.42000000,304.00234489
107.43000000,303.63820277
107.44000000,303.27472297
107.45000000,302.91190386
107.46000000,302.54974381
107.47000000,302.18824122
107.48000000,301.82739449
107.49000000,301.46720201
107.50000000,301.10766220
107.51000000,300.74877344
107.52000000,300.39053413
107.53000000,300.03294268
107.54000000,299.67599749
107.55000000,299.31969694
107.56000000,298.96403947
107.57000000,298.60902355
107.58000000,298.25464766
107.59000000,297.90091031
107.60000000,297.54781000
107.61000000,297.19534520
107.62000000,296.84351442
107.63000000,296.49231616
107.64000000,296.14174890
107.65000000,295.79181114
107.66000000,295.44250128
107.67000000,295.09381730
107.68000000,294.74575708
107.69000000,294.39831852
107.70000000,294.05149949
107.71000000,293.70529790
107.72000000,293.35971162
107.73000000,293.01473853
107.74000000,292.67037654
107.75000000,292.32662352
107.76000000,291.98347788
107.77000000,291.64094015
107.78000000,291.29901136
107.79000000,290.95769258
107.80000000,290.61698484
107.81000000,290.27688918
107.82000000,289.93740665
107.83000000,289.59853831
107.84000000,289.26028519
107.85000000,288.92264834
107.86000000,288.58562849
107.87000000,288.24922516
107.88000000,287.91343752
107.89000000,287.57826479
107.90000000,287.24370614
107.91000000,286.90976078
107.92000000,286.57642790
107.93000000,286.24370670
107.94000000,285.91159635
107.95000000,285.58009608
107.96000000,285.24920412
107.97000000,284.91891503
107.98000000,284.58922243
107.99000000,284.26011993
108.00000000,283.93160113
108.01000000,283.60365966
108.02000000,283.27628913
108.03000000,282.94948315
108.04000000,282.62323534
108.05000000,282.29753931
108.06000000,281.97238963
108.07000000,281.64778470
108.08000000,281.32372387
108.09000000,281.00020649
108.10000000,280.67723192
108.11000000,280.35479952
108.12000000,280.03290862
108.13000000,279.71155859
108.14000000,279.39074878
108.15000000,279.07047855
108.16000000,278.75074754
108.17000000,278.43155664
108.18000000,278.11290702
108.19000000,277.79479988
108.20000000,277.47723638
108.21000000,277.16021771
108.22000000,276.84374506
108.23000000,276.52781959
108.24000000,276.21244250
108.25000000,275.89761496
108.26000000,275.58333765
108.27000000,275.26960918
108.28000000,274.95642769
108.29000000,274.64379129
108.30000000,274.33169810
108.31000000,274.02014623
108.32000000,273.70913382
108.33000000,273.39865896
108.34000000,273.08871980
108.35000000,272.77931443
108.36000000,272.47044110
108.37000000,272.16209853
108.38000000,271.85428554
108.39000000,271.54700096
108.40000000,271.24024363
108.41000000,270.93401237
108.42000000,270.62830601
108.43000000,270.32312340
108.44000000,270.01846335
108.45000000,269.71432470
108.46000000,269.41070627
108.47000000,269.10760688
108.48000000,268.80502535
108.49000000,268.50296048
108.50000000,268.20141108
108.51000000,267.90037598
108.52000000,267.59985397
108.53000000,267.29984387
108.54000000,267.00034449
108.55000000,266.70135464
108.56000000,266.40287315
108.57000000,266.10489887
108.58000000,265.80743065
108.59000000,265.51046735
108.60000000,265.21400785
108.61000000,264.91805099
108.62000000,264.62259564
108.63000000,264.32764066
108.64000000,264.03318492
108.65000000,263.73922726
108.66000000,263.44576656
108.67000000,263.15280170
108.68000000,262.86033156
108.69000000,262.56835504
108.70000000,262.27687102
108.71000000,261.98587839
108.72000000,261.69537603
108.73000000,261.40536284
108.74000000,261.11583770
108.75000000,260.82679950
108.76000000,260.53824713
108.77000000,260.25017950
108.78000000,259.96259552
108.79000000,259.67549410
108.80000000,259.38887414
108.81000000,259.10273457
108.82000000,258.81707428
108.83000000,258.53189220
108.84000000,258.24718723
108.85000000,257.96295829
108.86000000,257.67920428
108.87000000,257.39592414
108.88000000,257.11311680
108.89000000,256.83078119
108.90000000,256.54891624
108.91000000,256.26752089
108.92000000,255.98659407
108.93000000,255.70613472
108.94000000,255.42614175
108.95000000,255.14661412
108.96000000,254.86755075
108.97000000,254.58895061
108.98000000,254.31081269
108.99000000,254.03313594
109.00000000,253.75591935
109.01000000,253.47916189
109.02000000,253.20286253
109.03000000,252.92702024
109.04000000,252.65163401
109.05000000,252.37670280
109.06000000,252.10222560
109.07000000,251.82820143
109.08000000,251.55462931
109.09000000,251.28150827
109.10000000,251.00883733
109.11000000,250.73661554
109.12000000,250.46484190
109.13000000,250.19351546
109.14000000,249.92263524
109.15000000,249.65220026
109.16000000,249.38220956
109.17000000,249.11266221
109.18000000,248.84355727
109.19000000,248.57489380
109.20000000,248.30667089
109.21000000,248.03888759
109.22000000,247.77154297
109.23000000,247.50463611
109.24000000,247.23816607
109.25000000,246.97213192
109.26000000,246.70653272
109.27000000,246.44136754
109.28000000,246.17663541
109.29000000,245.91233538
109.30000000,245.64846651
109.31000000,245.38502784
109.32000000,245.12201842
109.33000000,244.85943731
109.34000000,244.59728354
109.35000000,244.33555616
109.36000000,244.07425423
109.37000000,243.81337676
109.38000000,243.55292275
109.39000000,243.29289123
109.40000000,243.03328119
109.41000000,242.77409167
109.42000000,242.51532165
109.43000000,242.25697017
109.44000000,241.99903623
109.45000000,241.74151884
109.46000000,241.48441702
109.47000000,241.22772989
109.48000000,240.97145655
109.49000000,240.71559612
109.50000000,240.46014771
109.51000000,240.20511044
109.52000000,239.95048342
109.53000000,239.69626577
109.54000000,239.44245661
109.55000000,239.18905504
109.56000000,238.93606020
109.57000000,238.68347125
109.58000000,238.43128735
109.59000000,238.17950767
109.60000000,237.92813140
109.61000000,237.67715770
109.62000000,237.42658575
109.63000000,237.17641471
109.64000000,236.92664375
109.65000000,236.67727205
109.66000000,236.42829878
109.67000000,236.17972310
109.68000000,235.93154417
109.69000000,235.68376114
109.70000000,235.43637318
109.71000000,235.18937943
109.72000000,234.94277907
109.73000000,234.69657125
109.74000000,234.45075513
109.75000000,234.20532986
109.76000000,233.96029461
109.77000000,233.71564855
109.78000000,233.47139086
109.79000000,233.22752071
109.80000000,232.98403727
109.81000000,232.74093972
109.82000000,232.49822723
109.83000000,232.25589899
109.84000000,232.01395416
109.85000000,231.77239192
109.86000000,231.53121144
109.87000000,231.29041192
109.88000000,231.04999252
109.89000000,230.80995243
109.90000000,230.57029084
109.91000000,230.33100692
109.92000000,230.09209986
109.93000000,229.85356884
109.94000000,229.61541305
109.95000000,229.37763166
109.96000000,229.14022387
109.97000000,228.90318889
109.98000000,228.66652594
109.99000000,228.43023425
110.00000000,228.19431303
110.01000000,227.95876152
110.02000000,227.72357892
110.03000000,227.48876447
110.04000000,227.25431739
110.05000000,227.02023689
110.06000000,226.78652221
110.07000000,226.55317259
110.08000000,226.32018728
110.09000000,226.08756553
110.10000000,225.85530660
110.11000000,225.62340973
110.12000000,225.39187418
110.13000000,225.16069919
110.14000000,224.92988402
110.15000000,224.69942791
110.16000000,224.46933012
110.17000000,224.23958991
110.18000000,224.01020653
110.19000000,223.78117923
110.20000000,223.55250726
110.21000000,223.32418990
110.22000000,223.09622638
110.23000000,222.86861597
110.24000000,222.64135793
110.25000000,222.41445150
110.26000000,222.18789594
110.27000000,221.96169054
110.28000000,221.73583458
110.29000000,221.51032733
110.30000000,221.28516807
110.31000000,221.06035609
110.32000000,220.83589066
110.33000000,220.61177107
110.34000000,220.38799660
110.35000000,220.16456652
110.36000000,219.94148012
110.37000000,219.71873668
110.38000000,219.49633548
110.39000000,219.27427580
110.40000000,219.05255692
110.41000000,218.83117812
110.42000000,218.61013869
110.43000000,218.38943790
110.44000000,218.16907503
110.45000000,217.94904936
110.46000000,217.72936020
110.47000000,217.51000687
110.48000000,217.29098874
110.49000000,217.07230516
110.50000000,216.85395548
110.51000000,216.63593906
110.52000000,216.41825525
110.53000000,216.20090341
110.54000000,215.98388290
110.55000000,215.76719306
110.56000000,215.55083325
110.57000000,215.33480281
110.58000000,215.11910108
110.59000000,214.90372740
110.60000000,214.68868112
110.61000000,214.47396157
110.62000000,214.25956809
110.63000000,214.04550003
110.64000000,213.83175672
110.65000000,213.61833750
110.66000000,213.40524172
110.67000000,213.19246865
110.68000000,212.98001761
110.69000000,212.76788787
110.70000000,212.55607873
110.71000000,212.34458947
110.72000000,212.13341940
110.73000000,211.92256780
110.74000000,211.71203395
110.75000000,211.50181716
110.76000000,211.29191672
110.77000000,211.08233201
110.78000000,210.87306238
110.79000000,210.66410721
110.80000000,210.45546589
110.81000000,210.24713778
110.82000000,210.03912226
110.83000000,209.83141870
110.84000000,209.62402648
110.85000000,209.41694496
110.86000000,209.21017354
110.87000000,209.00371157
110.88000000,208.79755842
110.89000000,208.59171347
110.90000000,208.38617608
110.91000000,208.18094563
110.92000000,207.97602148
110.93000000,207.77140300
110.94000000,207.56708957
110.95000000,207.36308055
110.96000000,207.15937533
110.97000000,206.95597331
110.98000000,206.75287394
110.99000000,206.55007663
111.00000000,206.34758083
111.01000000,206.14538595
111.02000000,205.94349142
111.03000000,205.74189668
111.04000000,205.54060114
111.05000000,205.33960425
111.06000000,205.13890543
111.07000000,204.93850410
111.08000000,204.73839968
111.09000000,204.53859160
111.10000000,204.33907929
111.11000000,204.13986217
111.12000000,203.94093966
111.13000000,203.74231118
111.14000000,203.54397617
111.15000000,203.34593404
111.16000000,203.14818421
111.17000000,202.95072609
111.18000000,202.75355908
111.19000000,202.55668258
111.20000000,202.36009599
111.21000000,202.16379871
111.22000000,201.96779014
111.23000000,201.77206968
111.24000000,201.57663673
111.25000000,201.38149069
111.26000000,201.18663097
111.27000000,200.99205703
111.28000000,200.79776830
111.29000000,200.60376424
111.30000000,200.41004432
111.31000000,200.21660797
111.32000000,200.02345467
111.33000000,199.83058385
111.34000000,199.63799498
111.35000000,199.44568751
111.36000000,199.25366089
111.37000000,199.06191457
111.38000000,198.87044800
111.39000000,198.67926063
111.40000000,198.48835191
111.41000000,198.29772129
111.42000000,198.10736821
111.43000000,197.91729213
111.44000000,197.72749249
111.45000000,197.53796875
111.46000000,197.34872035
111.47000000,197.15974675
111.48000000,196.97104743
111.49000000,196.78262185
111.50000000,196.59446947
111.51000000,196.40658975
111.52000000,196.21898216
111.53000000,196.03164617
111.54000000,195.84458124
111.55000000,195.65778684
111.56000000,195.47126243
111.57000000,195.28500749
111.58000000,195.09902152
111.59000000,194.91330399
111.60000000,194.72785440
111.61000000,194.54267223
111.62000000,194.35775697
111.63000000,194.17310810
111.64000000,193.98872510
111.65000000,193.80460747
111.66000000,193.62075469
111.67000000,193.43716624
111.68000000,193.25384158
111.69000000,193.07078020
111.70000000,192.88798157
111.71000000,192.70544516
111.72000000,192.52317044
111.73000000,192.34115690
111.74000000,192.15940400
111.75000000,191.97791122
111.76000000,191.79667805
111.77000000,191.61570401
111.78000000,191.43498865
111.79000000,191.25453152
111.80000000,191.07433214
111.81000000,190.89439007
111.82000000,190.71470485
111.83000000,190.53527601
111.84000000,190.35610310
111.85000000,190.17718567
111.86000000,189.99852325
111.87000000,189.82011538
111.88000000,189.64196159
111.89000000,189.46406143
111.90000000,189.28641442
111.91000000,189.10902009
111.92000000,188.93187800
111.93000000,188.75498766
111.94000000,188.57834862
111.95000000,188.40196041
111.96000000,188.22582255
111.97000000,188.04993450
111.98000000,187.87429570
111.99000000,187.69890560
112.00000000,187.52376364
112.01000000,187.34886926
112.02000000,187.17422192
112.03000000,186.99982105
112.04000000,186.82566610
112.05000000,186.65175651
112.06000000,186.47809174
112.07000000,186.30467133
112.08000000,186.13149484
112.09000000,185.95856180
112.10000000,185.78587178
112.11000000,185.61342432
112.12000000,185.44121898
112.13000000,185.26925531
112.14000000,185.09753286
112.15000000,184.92605119
112.16000000,184.75480985
112.17000000,184.58380843
112.18000000,184.41304652
112.19000000,184.24252373
112.20000000,184.07223965
112.21000000,183.90219388
112.22000000,183.73238601
112.23000000,183.56281563
112.24000000,183.39348235
112.25000000,183.22438576
112.26000000,183.05552545
112.27000000,182.88690098
112.28000000,182.71851190
112.29000000,182.55035776
112.30000000,182.38243811
112.31000000,182.21475250
112.32000000,182.04730049
112.33000000,181.88008163
112.34000000,181.71309546
112.35000000,181.54634155
112.36000000,181.37981943
112.37000000,181.21352867
112.38000000,181.04746880
112.39000000,180.88163939
112.40000000,180.71603997
112.41000000,180.55067010
112.42000000,180.38552933
112.43000000,180.22061721
112.44000000,180.05593328
112.45000000,179.89147710
112.46000000,179.72724822
112.47000000,179.56324620
112.48000000,179.39947064
112.49000000,179.23592110
112.50000000,179.07259717
112.51000000,178.90949841
112.52000000,178.74662441
112.53000000,178.58397474
112.54000000,178.42154898
112.55000000,178.25934671
112.56000000,178.09736751
112.57000000,177.93561099
112.58000000,177.77407678
112.59000000,177.61276449
112.60000000,177.45167374
112.61000000,177.29080416
112.62000000,177.13015537
112.63000000,176.96972698
112.64000000,176.80951861
112.65000000,176.64952989
112.66000000,176.48976044
112.67000000,176.33020983
112.68000000,176.17087768
112.69000000,176.01176355
112.70000000,175.85286706
112.71000000,175.69418778
112.72000000,175.53572530
112.73000000,175.37747922
112.74000000,175.21944912
112.75000000,175.06163460
112.76000000,174.90403525
112.77000000,174.74665065
112.78000000,174.58948040
112.79000000,174.43252409
112.80000000,174.27578131
112.81000000,174.11925166
112.82000000,173.96293472
112.83000000,173.80683008
112.84000000,173.65093735
112.85000000,173.49525610
112.86000000,173.33978594
112.87000000,173.18452651
112.88000000,173.02947743
112.89000000,172.87463835
112.90000000,172.72000890
112.91000000,172.56558872
112.92000000,172.41137746
112.93000000,172.25737475
112.94000000,172.10358022
112.95000000,171.94999353
112.96000000,171.79661429
112.97000000,171.64344213
112.98000000,171.49047666
112.99000000,171.33771749
113.00000000,171.18516424
113.01000000,171.03281651
113.02000000,170.88067393
113.03000000,170.72873610
113.04000000,170.57700263
113.05000000,170.42547314
113.06000000,170.27414724
113.07000000,170.12302453
113.08000000,169.97210464
113.09000000,169.82138716
113.10000000,169.67087170
113.11000000,169.52055787
113.12000000,169.37044528
113.13000000,169.22053355
113.14000000,169.07082226
113.15000000,168.92131105
113.16000000,168.77199952
113.17000000,168.62288739
113.18000000,168.47397437
113.19000000,168.32526019
113.20000000,168.17674456
113.21000000,168.02842721
113.22000000,167.88030786
113.23000000,167.73238622
113.24000000,167.58466203
113.25000000,167.43713499
113.26000000,167.28980482
113.27000000,167.14267117
113.28000000,166.99573371
113.29000000,166.84899207
113.30000000,166.70244591
113.31000000,166.55609488
113.32000000,166.40993863
113.33000000,166.26397680
113.34000000,166.11820905
113.35000000,165.97263502
113.36000000,165.82725436
113.37000000,165.68206662
113.38000000,165.53707136
113.39000000,165.39226813
113.40000000,165.24765649
113.41000000,165.10323599
113.42000000,164.95900617
113.43000000,164.81496660
113.44000000,164.67111682
113.45000000,164.52745639
113.46000000,164.38398488
113.47000000,164.24070197
113.48000000,164.09760737
113.49000000,163.95470077
113.50000000,163.81198189
113.51000000,163.66945042
113.52000000,163.52710606
113.53000000,163.38494853
113.54000000,163.24297751
113.55000000,163.10119272
113.56000000,162.95959386
113.57000000,162.81818065
113.58000000,162.67695280
113.59000000,162.53591004
113.60000000,162.39505208
113.61000000,162.25437864
113.62000000,162.11388944
113.63000000,161.97358419
113.64000000,161.83346263
113.65000000,161.69352446
113.66000000,161.55376939
113.67000000,161.41419709
113.68000000,161.27480722
113.69000000,161.13559942
113.70000000,160.99657335
113.71000000,160.85772867
113.72000000,160.71906502
113.73000000,160.58058207
113.74000000,160.44227946
113.75000000,160.30415686
113.76000000,160.16621391
113.77000000,160.02845030
113.78000000,159.89086570
113.79000000,159.75345980
113.80000000,159.61623226
113.81000000,159.47918277
113.82000000,159.34231100
113.83000000,159.20561665
113.84000000,159.06909937
113.85000000,158.93275886
113.86000000,158.79659480
113.87000000,158.66060688
113.88000000,158.52479482
113.89000000,158.38915833
113.90000000,158.25369711
113.91000000,158.11841087
113.92000000,157.98329933
113.93000000,157.84836218
113.94000000,157.71359913
113.95000000,157.57900991
113.96000000,157.44459420
113.97000000,157.31035172
113.98000000,157.17628218
113.99000000,157.04238528
114.00000000,156.90866073
114.01000000,156.77510823
114.02000000,156.64172749
114.03000000,156.50851822
114.04000000,156.37548012
114.05000000,156.24261290
114.06000000,156.10991626
114.07000000,155.97738991
114.08000000,155.84503356
114.09000000,155.71284690
114.10000000,155.58082964
114.11000000,155.44898149
114.12000000,155.31730215
114.13000000,155.18579133
114.14000000,155.05444872
114.15000000,154.92327404
114.16000000,154.79226698
114.17000000,154.66142725
114.18000000,154.53075455
114.19000000,154.40024860
114.20000000,154.26990909
114.21000000,154.13973572
114.22000000,154.00972821
114.23000000,153.87988625
114.24000000,153.75020954
114.25000000,153.62069780
114.26000000,153.49135073
114.27000000,153.36216804
114.28000000,153.23314946
114.29000000,153.10429469
114.30000000,152.97560346
114.31000000,152.84707549
114.32000000,152.71871048
114.33000000,152.59050816
114.34000000,152.46246826
114.35000000,152.33459047
114.36000000,152.20687453
114.37000000,152.07932015
114.38000000,151.95192707
114.39000000,151.82469500
114.40000000,151.69762368
114.41000000,151.57071282
114.42000000,151.44396216
114.43000000,151.31737141
114.44000000,151.19094031
114.45000000,151.06466857
114.46000000,150.93855593
114.47000000,150.81260216
114.48000000,150.68680702
114.49000000,150.56117029
114.50000000,150.43569173
114.51000000,150.31037112
114.52000000,150.18520822
114.53000000,150.06020281
114.54000000,149.93535466
114.55000000,149.81066354
114.56000000,149.68612921
114.57000000,149.56175143
114.58000000,149.43752995
114.59000000,149.31346453
114.60000000,149.18955491
114.61000000,149.06580084
114.62000000,148.94220209
114.63000000,148.81875839
114.64000000,148.69546950
114.65000000,148.57233517
114.66000000,148.44935514
114.67000000,148.32652908
114.68000000,148.20385664
114.69000000,148.08133747
114.70000000,147.95897123
114.71000000,147.83675758
114.72000000,147.71469616
114.73000000,147.59278663
114.74000000,147.47102865
114.75000000,147.34942186
114.76000000,147.22796595
114.77000000,147.10666066
114.78000000,146.98550574
114.79000000,146.86450097
114.80000000,146.74364612
114.81000000,146.62294094
114.82000000,146.50238519
114.83000000,146.38197865
114.84000000,146.26172108
114.85000000,146.14161225
114.86000000,146.02165191
114.87000000,145.90183987
114.88000000,145.78217590
114.89000000,145.66265981
114.90000000,145.54329139
114.91000000,145.42407043
114.92000000,145.30499672
114.93000000,145.18607006
114.94000000,145.06729023
114.95000000,144.94865703
114.96000000,144.83017025
114.97000000,144.71182962
114.98000000,144.59363490
114.99000000,144.47558583
115.00000000,144.35768213
115.01000000,144.23992356
115.02000000,144.12230985
115.03000000,144.00484075
115.04000000,143.88751599
115.05000000,143.77033532
115.06000000,143.65329848
115.07000000,143.53640523
115.08000000,143.41965535
115.09000000,143.30304860
115.10000000,143.18658476
115.11000000,143.07026359
115.12000000,142.95408486
115.13000000,142.83804835
115.14000000,142.72215383
115.15000000,142.60640106
115.16000000,142.49078981
115.17000000,142.37531985
115.18000000,142.25999096
115.19000000,142.14480288
115.20000000,142.02975541
115.21000000,141.91484829
115.22000000,141.80008130
115.23000000,141.68545421
115.24000000,141.57096678
115.25000000,141.45661878
115.26000000,141.34240998
115.27000000,141.22834015
115.28000000,141.11440906
115.29000000,141.00061649
115.30000000,140.88696221
115.31000000,140.77344599
115.32000000,140.66006761
115.33000000,140.54682684
115.34000000,140.43372345
115.35000000,140.32075722
115.36000000,140.20792791
115.37000000,140.09523531
115.38000000,139.98267920
115.39000000,139.87025935
115.40000000,139.75797554
115.41000000,139.64582754
115.42000000,139.53381514
115.43000000,139.42193811
115.44000000,139.31019624
115.45000000,139.19858929
115.46000000,139.08711705
115.47000000,138.97577930
115.48000000,138.86457582
115.49000000,138.75350638
115.50000000,138.64257078
115.51000000,138.53176878
115.52000000,138.42110018
115.53000000,138.31056475
115.54000000,138.20016227
115.55000000,138.08989252
115.56000000,137.97975529
115.57000000,137.86975037
115.58000000,137.75987755
115.59000000,137.65013662
115.60000000,137.54052738
115.61000000,137.43104961
115.62000000,137.32170312
115.63000000,137.21248768
115.64000000,137.10340311
115.65000000,136.99444918
115.66000000,136.88562570
115.67000000,136.77693242
115.68000000,136.66836913
115.69000000,136.55993560
115.70000000,136.45163160
115.71000000,136.34345691
115.72000000,136.23541128
115.73000000,136.12749450
115.74000000,136.01970634
115.75000000,135.91204657
115.76000000,135.80451497
115.77000000,135.69711137
115.78000000,135.58983560
115.79000000,135.48268749
115.80000000,135.37566688
115.81000000,135.26877360
115.82000000,135.16200749
115.83000000,135.05536838
115.84000000,134.94885611
115.85000000,134.84247050
115.86000000,134.73621139
115.87000000,134.63007860
115.88000000,134.52407195
115.89000000,134.41819126
115.90000000,134.31243634
115.91000000,134.20680702
115.92000000,134.10130310
115.93000000,133.99592441
115.94000000,133.89067078
115.95000000,133.78554200
115.96000000,133.68053789
115.97000000,133.57565818
115.98000000,133.47090259
115.99000000,133.36627083
116.00000000,133.26176262
116.01000000,133.15737767
116.02000000,133.05311571
116.03000000,132.94897644
116.04000000,132.84495959
116.05000000,132.74106487
116.06000000,132.63729202
116.07000000,132.53364083
116.08000000,132.43011113
116.09000000,132.32670273
116.10000000,132.22341547
116.11000000,132.12024914
116.12000000,132.01720358
116.13000000,131.91427860
116.14000000,131.81147402
116.15000000,131.70878966
116.16000000,131.60622535
116.17000000,131.50378093
116.18000000,131.40145627
116.19000000,131.29925120
116.20000000,131.19716560
116.21000000,131.09519931
116.22000000,130.99335218
116.23000000,130.89162408
116.24000000,130.79001486
116.25000000,130.68852436
116.26000000,130.58715245
116.27000000,130.48589893
116.28000000,130.38476359
116.29000000,130.28374626
116.30000000,130.18284672
116.31000000,130.08206479
116.32000000,129.98140026
116.33000000,129.88085294
116.34000000,129.78042263
116.35000000,129.68010914
116.36000000,129.57991227
116.37000000,129.47983183
116.38000000,129.37986764
116.39000000,129.28001951
116.40000000,129.18028725
116.41000000,129.08067069
116.42000000,128.98116963
116.43000000,128.88178389
116.44000000,128.78251329
116.45000000,128.68335763
116.46000000,128.58431674
116.47000000,128.48539043
116.48000000,128.38657855
116.49000000,128.28788091
116.50000000,128.18929735
116.51000000,128.09082769
116.52000000,127.99247176
116.53000000,127.89422939
116.54000000,127.79610041
116.55000000,127.69808464
116.56000000,127.60018192
116.57000000,127.50239206
116.58000000,127.40471488
116.59000000,127.30715020
116.60000000,127.20969785
116.61000000,127.11235764
116.62000000,127.01512939
116.63000000,126.91801292
116.64000000,126.82100805
116.65000000,126.72411459
116.66000000,126.62733238
116.67000000,126.53066124
116.68000000,126.43410099
116.69000000,126.33765146
116.70000000,126.24131249
116.71000000,126.14508389
116.72000000,126.04896549
116.73000000,125.95295713
116.74000000,125.85705863
116.75000000,125.76126982
116.76000000,125.66559052
116.77000000,125.57002057
116.78000000,125.47455981
116.79000000,125.37920805
116.80000000,125.28396514
116.81000000,125.18883090
116.82000000,125.09380517
116.83000000,124.99888777
116.84000000,124.90407855
116.85000000,124.80937734
116.86000000,124.71478396
116.87000000,124.62029826
116.88000000,124.52592010
116.89000000,124.43164932
116.90000000,124.33748576
116.91000000,124.24342929
116.92000000,124.14947975
116.93000000,124.05563699
116.94000000,123.96190085
116.95000000,123.86827118
116.96000000,123.77474783
116.97000000,123.68133058
116.98000000,123.58801921
116.99000000,123.49481349
117.00000000,123.40171320
117.01000000,123.30871812
117.02000000,123.21582802
117.03000000,123.12304269
117.04000000,123.03036189
117.05000000,122.93778540
117.06000000,122.84531305
117.07000000,122.75294487
117.08000000,122.66068095
117.09000000,122.56852136
117.10000000,122.47646618
117.11000000,122.38451549
117.12000000,122.29266939
117.13000000,122.20092793
117.14000000,122.10929122
117.15000000,122.01775933
117.16000000,121.92633213
117.17000000,121.83500873
117.18000000,121.74378800
117.19000000,121.65266884
117.20000000,121.56165014
117.21000000,121.47073078
117.22000000,121.37990965
117.23000000,121.28918565
117.24000000,121.19855765
117.25000000,121.10802456
117.26000000,121.01758538
117.27000000,120.92723958
117.28000000,120.83698676
117.29000000,120.74682652
117.30000000,120.65675845
117.31000000,120.56678215
117.32000000,120.47689722
117.33000000,120.38710324
117.34000000,120.29739982
117.35000000,120.20778656
117.36000000,120.11826342
117.37000000,120.02883194
117.38000000,119.93949400
117.39000000,119.85025151
117.40000000,119.76110637
117.41000000,119.67206049
117.42000000,119.58311575
117.43000000,119.49427406
117.44000000,119.40553733
117.45000000,119.31690745
117.46000000,119.22838593
117.47000000,119.13997274
117.48000000,119.05166745
117.49000000,118.96346963
117.50000000,118.87537886
117.51000000,118.78739472
117.52000000,118.69951678
117.53000000,118.61174460
117.54000000,118.52407778
117.55000000,118.43651587
117.56000000,118.34905836
117.57000000,118.26170425
117.58000000,118.17445249
117.59000000,118.08730200
117.60000000,118.00025168
117.61000000,117.91330048
117.62000000,117.82644731
117.63000000,117.73969109
117.64000000,117.65303075
117.65000000,117.56646521
117.66000000,117.47999359
117.67000000,117.39361581
117.68000000,117.30733199
117.69000000,117.22114225
117.70000000,117.13504671
117.71000000,117.04904548
117.72000000,116.96313869
117.73000000,116.87732644
117.74000000,116.79160887
117.75000000,116.70598609
117.76000000,116.62045815
117.77000000,116.53502487
117.78000000,116.44968599
117.79000000,116.36444124
117.80000000,116.27929038
117.81000000,116.19423315
117.82000000,116.10926929
117.83000000,116.02439855
117.84000000,115.93962067
117.85000000,115.85493540
117.86000000,115.77034250
117.87000000,115.68584185
117.88000000,115.60143334
117.89000000,115.51711686
117.90000000,115.43289231
117.91000000,115.34875959
117.92000000,115.26471859
117.93000000,115.18076920
117.94000000,115.09691133
117.95000000,115.01314486
117.96000000,114.92946969
117.97000000,114.84588571
117.98000000,114.76239284
117.99000000,114.67899095
118.00000000,114.59567995
118.01000000,114.51245975
118.02000000,114.42933022
118.03000000,114.34629128
118.04000000,114.26334282
118.05000000,114.18048474
118.06000000,114.09771692
118.07000000,114.01503920
118.08000000,113.93245141
118.09000000,113.84995338
118.10000000,113.76754493
118.11000000,113.68522590
118.12000000,113.60299611
118.13000000,113.52085538
118.14000000,113.43880355
118.15000000,113.35684044
118.16000000,113.27496590
118.17000000,113.19317979
118.18000000,113.11148200
118.19000000,113.02987241
118.20000000,112.94835091
118.21000000,112.86691739
118.22000000,112.78557173
118.23000000,112.70431382
118.24000000,112.62314353
118.25000000,112.54206076
118.26000000,112.46106539
118.27000000,112.38015732
118.28000000,112.29933643
118.29000000,112.21860263
118.30000000,112.13795581
118.31000000,112.05739587
118.32000000,111.97692269
118.33000000,111.89653619
118.34000000,111.81623624
118.35000000,111.73602276
118.36000000,111.65589560
118.37000000,111.57585456
118.38000000,111.49589941
118.39000000,111.41602992
118.40000000,111.33624585
118.41000000,111.25654698
118.42000000,111.17693306
118.43000000,111.09740388
118.44000000,111.01795919
118.45000000,110.93859876
118.46000000,110.85932243
118.47000000,110.78013027
118.48000000,110.70102242
118.49000000,110.62199901
118.50000000,110.54306020
118.51000000,110.46420611
118.52000000,110.38543688
118.53000000,110.30675266
118.54000000,110.22815358
118.55000000,110.14963978
118.56000000,110.07121137
118.57000000,109.99286835
118.58000000,109.91461070
118.59000000,109.83643837
118.60000000,109.75835135
118.61000000,109.68034961
118.62000000,109.60243311
118.63000000,109.52460183
118.64000000,109.44685574
118.65000000,109.36919481
118.66000000,109.29161890
118.67000000,109.21412750
118.68000000,109.13671996
118.69000000,109.05939566
118.70000000,108.98215395
118.71000000,108.90499420
118.72000000,108.82791579
118.73000000,108.75091807
118.74000000,108.67400042
118.75000000,108.59716219
118.76000000,108.52040287
118.77000000,108.44372228
118.78000000,108.36712039
118.79000000,108.29059714
118.80000000,108.21415248
118.81000000,108.13778635
118.82000000,108.06149871
118.83000000,107.98528950
118.84000000,107.90915867
118.85000000,107.83310616
118.86000000,107.75713197
118.87000000,107.68123618
118.88000000,107.60541894
118.89000000,107.52968038
118.90000000,107.45402064
118.91000000,107.37843986
118.92000000,107.30293816
118.93000000,107.22751570
118.94000000,107.15217260
118.95000000,107.07690899
118.96000000,107.00172497
118.97000000,106.92662041
118.98000000,106.85159512
118.99000000,106.77664893
119.00000000,106.70178165
119.01000000,106.62699311
119.02000000,106.55228312
119.03000000,106.47765150
119.04000000,106.40309808
119.05000000,106.32862268
119.06000000,106.25422512
119.07000000,106.17990528
119.08000000,106.10566308
119.09000000,106.03149839
119.10000000,105.95741111
119.11000000,105.88340114
119.12000000,105.80946838
119.13000000,105.73561271
119.14000000,105.66183404
119.15000000,105.58813225
119.16000000,105.51450725
119.17000000,105.44095892
119.18000000,105.36748717
119.19000000,105.29409190
119.20000000,105.22077298
119.21000000,105.14753033
119.22000000,105.07436384
119.23000000,105.00127340
119.24000000,104.92825891
119.25000000,104.85532026
119.26000000,104.78245736
119.27000000,104.70967009
119.28000000,104.63695835
119.29000000,104.56432203
119.30000000,104.49176103
119.31000000,104.41927523
119.32000000,104.34686454
119.33000000,104.27452885
119.34000000,104.20226804
119.35000000,104.13008202
119.36000000,104.05797068
119.37000000,103.98593391
119.38000000,103.91397160
119.39000000,103.84208365
119.40000000,103.77026994
119.41000000,103.69853037
119.42000000,103.62686484
119.43000000,103.55527323
119.44000000,103.48375544
119.45000000,103.41231136
119.46000000,103.34094088
119.47000000,103.26964391
119.48000000,103.19842034
119.49000000,103.12727007
119.50000000,103.05619301
119.51000000,102.98518905
119.52000000,102.91425809
119.53000000,102.84340003
119.54000000,102.77261478
119.55000000,102.70190223
119.56000000,102.63126228
119.57000000,102.56069484
119.58000000,102.49019982
119.59000000,102.41977712
119.60000000,102.34942664
119.61000000,102.27914830
119.62000000,102.20894200
119.63000000,102.13880764
119.64000000,102.06874513
119.65000000,101.99875438
119.66000000,101.92883529
119.67000000,101.85898770
119.68000000,101.78921146
119.69000000,101.71950642
119.70000000,101.64987240
119.71000000,101.58030927
119.72000000,101.51081685
119.73000000,101.44139500
119.74000000,101.37204355
119.75000000,101.30276235
119.76000000,101.23355129
119.77000000,101.16441043
119.78000000,101.09533992
119.79000000,101.02633987
119.80000000,100.95741040
119.81000000,100.88855164
119.82000000,100.81976371
119.83000000,100.75104674
119.84000000,100.68240084
119.85000000,100.61382615
119.86000000,100.54532276
119.87000000,100.47689066
119.88000000,100.40852980
119.89000000,100.34024016
119.90000000,100.27202168
119.91000000,100.20387434
119.92000000,100.13579808
119.93000000,100.06779289
119.94000000,99.99985870
119.95000000,99.93199549
119.96000000,99.86420313
119.97000000,99.79648116
119.98000000,99.72882903
119.99000000,99.66124620
120.00000000,99.59373212
120.01000000,99.52628623
120.02000000,99.45890800
120.03000000,99.39159688
120.04000000,99.32435232
120.05000000,99.25717377
120.06000000,99.19006077
120.07000000,99.12301321
120.08000000,99.05603106
120.09000000,98.98911430
120.10000000,98.92226289
120.11000000,98.85547681
120.12000000,98.78875604
120.13000000,98.72210053
120.14000000,98.65551027
120.15000000,98.58898523
120.16000000,98.52252541
120.17000000,98.45613092
120.18000000,98.38980187
120.19000000,98.32353842
120.20000000,98.25734069
120.21000000,98.19120880
120.22000000,98.12514291
120.23000000,98.05914313
120.24000000,97.99320960
120.25000000,97.92734245
120.26000000,97.86154177
120.27000000,97.79580744
120.28000000,97.73013933
120.29000000,97.66453728
120.30000000,97.59900114
120.31000000,97.53353075
120.32000000,97.46812596
120.33000000,97.40278663
120.34000000,97.33751260
120.35000000,97.27230372
120.36000000,97.20715984
120.37000000,97.14208088
120.38000000,97.07706675
120.39000000,97.01211736
120.40000000,96.94723263
120.41000000,96.88241248
120.42000000,96.81765683
120.43000000,96.75296558
120.44000000,96.68833865
120.45000000,96.62377597
120.46000000,96.55927744
120.47000000,96.49484298
120.48000000,96.43047251
120.49000000,96.36616595
120.50000000,96.30192321
120.51000000,96.23774420
120.52000000,96.17362886
120.53000000,96.10957708
120.54000000,96.04558880
120.55000000,95.98166392
120.56000000,95.91780236
120.57000000,95.85400403
120.58000000,95.79026887
120.59000000,95.72659676
120.60000000,95.66298765
120.61000000,95.59944143
120.62000000,95.53595802
120.63000000,95.47253734
120.64000000,95.40917930
120.65000000,95.34588383
120.66000000,95.28265083
120.67000000,95.21948022
120.68000000,95.15637193
120.69000000,95.09332586
120.70000000,95.03034195
120.71000000,94.96742011
120.72000000,94.90456026
120.73000000,94.84176232
120.74000000,94.77902621
120.75000000,94.71635185
120.76000000,94.65373915
120.77000000,94.59118804
120.78000000,94.52869844
120.79000000,94.46627028
120.80000000,94.40390347
120.81000000,94.34159794
120.82000000,94.27935361
120.83000000,94.21717040
120.84000000,94.15504824
120.85000000,94.09298704
120.86000000,94.03098673
120.87000000,93.96904721
120.88000000,93.90716841
120.89000000,93.84535021
120.90000000,93.78359255
120.91000000,93.72189532
120.92000000,93.66025843
120.93000000,93.59868179
120.94000000,93.53716532
120.95000000,93.47570892
120.96000000,93.41431251
120.97000000,93.35297601
120.98000000,93.29169935
120.99000000,93.23048246
121.00000000,93.16932529
121.01000000,93.10822774
121.02000000,93.04718977
121.03000000,92.98621130
121.04000000,92.92529225
121.05000000,92.86443257
121.06000000,92.80363217
121.07000000,92.74289094
121.08000000,92.68220874
121.09000000,92.62158546
121.10000000,92.56102095
121.11000000,92.50051511
121.12000000,92.44006779
121.13000000,92.37967887
121.14000000,92.31934823
121.15000000,92.25907573
121.16000000,92.19886129
121.17000000,92.13870498
121.18000000,92.07860693
121.19000000,92.01856725
121.20000000,91.95858606
121.21000000,91.89866347
121.22000000,91.83879960
121.23000000,91.77899457
121.24000000,91.71924849
121.25000000,91.65956149
121.26000000,91.59993365
121.27000000,91.54036498
121.28000000,91.48085546
121.29000000,91.42140507
121.30000000,91.36201378
121.31000000,91.30268158
121.32000000,91.24340845
121.33000000,91.18419436
121.34000000,91.12503929
121.35000000,91.06594323
121.36000000,91.00690608
121.37000000,90.94792743
121.38000000,90.88900680
121.39000000,90.83014372
121.40000000,90.77133769
121.41000000,90.71258824
121.42000000,90.65389489
121.43000000,90.59525716
121.44000000,90.53667456
121.45000000,90.47814662
121.46000000,90.41967293
121.47000000,90.36125339
121.48000000,90.30288798
121.49000000,90.24457668
121.50000000,90.18631947
121.51000000,90.12811632
121.52000000,90.06996722
121.53000000,90.01187213
121.54000000,89.95383104
121.55000000,89.89584392
121.56000000,89.83791079
121.57000000,89.78003173
121.58000000,89.72220689
121.59000000,89.66443639
121.60000000,89.60672035
121.61000000,89.54905891
121.62000000,89.49145220
121.63000000,89.43390033
121.64000000,89.37640346
121.65000000,89.31896169
121.66000000,89.26157512
121.67000000,89.20424367
121.68000000,89.14696722
121.69000000,89.08974565
121.70000000,89.03257884
121.71000000,88.97546666
121.72000000,88.91840901
121.73000000,88.86140575
121.74000000,88.80445678
121.75000000,88.74756196
121.76000000,88.69072119
121.77000000,88.63393439
121.78000000,88.57720149
121.79000000,88.52052242
121.80000000,88.46389712
121.81000000,88.40732552
121.82000000,88.35080755
121.83000000,88.29434314
121.84000000,88.23793222
121.85000000,88.18157473
121.86000000,88.12527059
121.87000000,88.06901975
121.88000000,88.01282215
121.89000000,87.95667771
121.90000000,87.90058638
121.91000000,87.84454811
121.92000000,87.78856281
121.93000000,87.73263044
121.94000000,87.67675093
121.95000000,87.62092423
121.96000000,87.56515026
121.97000000,87.50942895
121.98000000,87.45376025
121.99000000,87.39814407
122.00000000,87.34258034
122.01000000,87.28706900
122.02000000,87.23160998
122.03000000,87.17620321
122.04000000,87.12084860
122.05000000,87.06554611
122.06000000,87.01029564
122.07000000,86.95509715
122.08000000,86.89995055
122.09000000,86.84485579
122.10000000,86.78981279
122.11000000,86.73482149
122.12000000,86.67988182
122.13000000,86.62499371
122.14000000,86.57015710
122.15000000,86.51537192
122.16000000,86.46063810
122.17000000,86.40595558
122.18000000,86.35132430
122.19000000,86.29674420
122.20000000,86.24221521
122.21000000,86.18773727
122.22000000,86.13331032
122.23000000,86.07893430
122.24000000,86.02460914
122.25000000,85.97033479
122.26000000,85.91611118
122.27000000,85.86193824
122.28000000,85.80781592
122.29000000,85.75374416
122.30000000,85.69972288
122.31000000,85.64575203
122.32000000,85.59183154
122.33000000,85.53796135
122.34000000,85.48414140
122.35000000,85.43037163
122.36000000,85.37665196
122.37000000,85.32298229
122.38000000,85.26936252
122.39000000,85.21579254
122.40000000,85.16227223
122.41000000,85.10880149
122.42000000,85.05538022
122.43000000,85.00200829
122.44000000,84.94868561
122.45000000,84.89541207
122.46000000,84.84218760
122.47000000,84.78901227
122.48000000,84.73588622
122.49000000,84.68280955
122.50000000,84.62978241
122.51000000,84.57680490
122.52000000,84.52387715
122.53000000,84.47099928
122.54000000,84.41817142
122.55000000,84.36539368
122.56000000,84.31266616
122.57000000,84.25998888
122.58000000,84.20736181
122.59000000,84.15478494
122.60000000,84.10225826
122.61000000,84.04978175
122.62000000,83.99735539
122.63000000,83.94497918
122.64000000,83.89265309
122.65000000,83.84037711
122.66000000,83.78815116
122.67000000,83.73597486
122.68000000,83.68384779
122.69000000,83.63176951
122.70000000,83.57973959
122.71000000,83.52775758
122.72000000,83.47582307
122.73000000,83.42393560
122.74000000,83.37209474
122.75000000,83.32030007
122.76000000,83.26855121
122.77000000,83.21684809
122.78000000,83.16519070
122.79000000,83.11357904
122.80000000,83.06201310
122.81000000,83.01049286
122.82000000,82.95901833
122.83000000,82.90758949
122.84000000,82.85620635
122.85000000,82.80486888
122.86000000,82.75357712
122.87000000,82.70233115
122.88000000,82.65113109
122.89000000,82.59997706
122.90000000,82.54886918
122.91000000,82.49780756
122.92000000,82.44679234
122.93000000,82.39582361
122.94000000,82.34490151
122.95000000,82.29402615
122.96000000,82.24319761
122.97000000,82.19241583
122.98000000,82.14168069
122.99000000,82.09099210
123.00000000,82.04034995
123.01000000,81.98975413
123.02000000,81.93920454
123.03000000,81.88870107
123.04000000,81.83824362
123.05000000,81.78783209
123.06000000,81.73746637
123.07000000,81.68714642
123.08000000,81.63687219
123.09000000,81.58664363
123.10000000,81.53646070
123.11000000,81.48632335
123.12000000,81.43623154
123.13000000,81.38618523
123.14000000,81.33618436
123.15000000,81.28622890
123.16000000,81.23631880
123.17000000,81.18645399
123.18000000,81.13663442
123.19000000,81.08686002
123.20000000,81.03713074
123.21000000,80.98744652
123.22000000,80.93780729
123.23000000,80.88821299
123.24000000,80.83866357
123.25000000,80.78915896
123.26000000,80.73969909
123.27000000,80.69028393
123.28000000,80.64091340
123.29000000,80.59158746
123.30000000,80.54230604
123.31000000,80.49306909
123.32000000,80.44387656
123.33000000,80.39472839
123.34000000,80.34562452
123.35000000,80.29656490
123.36000000,80.24754947
123.37000000,80.19857820
123.38000000,80.14965102
123.39000000,80.10076791
123.40000000,80.05192881
123.41000000,80.00313368
123.42000000,79.95438249
123.43000000,79.90567518
123.44000000,79.85701172
123.45000000,79.80839205
123.46000000,79.75981614
123.47000000,79.71128392
123.48000000,79.66279535
123.49000000,79.61435037
123.50000000,79.56594892
123.51000000,79.51759095
123.52000000,79.46927640
123.53000000,79.42100521
123.54000000,79.37277733
123.55000000,79.32459270
123.56000000,79.27645127
123.57000000,79.22835298
123.58000000,79.18029778
123.59000000,79.13228561
123.60000000,79.08431642
123.61000000,79.03639016
123.62000000,78.98850676
123.63000000,78.94066618
123.64000000,78.89286835
123.65000000,78.84511324
123.66000000,78.79740076
123.67000000,78.74973085
123.68000000,78.70210339
123.69000000,78.65451831
123.70000000,78.60697549
123.71000000,78.55947486
123.72000000,78.51201632
123.73000000,78.46459976
123.74000000,78.41722511
123.75000000,78.36989226
123.76000000,78.32260116
123.77000000,78.27535189
123.78000000,78.22814459
123.79000000,78.18097939
123.80000000,78.13385641
123.81000000,78.08677578
123.82000000,78.03973763
123.83000000,77.99274209
123.84000000,77.94578928
123.85000000,77.89887934
123.86000000,77.85201237
123.87000000,77.80518838
123.88000000,77.75840738
123.89000000,77.71166935
123.90000000,77.66497429
123.91000000,77.61832220
123.92000000,77.57171306
123.93000000,77.52514688
123.94000000,77.47862365
123.95000000,77.43214336
123.96000000,77.38570593
123.97000000,77.33931103
123.98000000,77.29295825
123.99000000,77.24664716
124.00000000,77.20037735
124.01000000,77.15414842
124.02000000,77.10795995
124.03000000,77.06181153
124.04000000,77.01570274
124.05000000,76.96963318
124.06000000,76.92360249
124.07000000,76.87761061
124.08000000,76.83165754
124.09000000,76.78574329
124.10000000,76.73986784
124.11000000,76.69403121
124.12000000,76.64823340
124.13000000,76.60247439
124.14000000,76.55675420
124.15000000,76.51107283
124.16000000,76.46543029
124.17000000,76.41982669
124.18000000,76.37426217
124.19000000,76.32873685
124.20000000,76.28325085
124.21000000,76.23780430
124.22000000,76.19239734
124.23000000,76.14703008
124.24000000,76.10170266
124.25000000,76.05641520
124.26000000,76.01116780
124.27000000,75.96596039
124.28000000,75.92079288
124.29000000,75.87566518
124.30000000,75.83057718
124.31000000,75.78552880
124.32000000,75.74051993
124.33000000,75.69555047
124.34000000,75.65062035
124.35000000,75.60572945
124.36000000,75.56087769
124.37000000,75.51606502
124.38000000,75.47129141
124.39000000,75.42655682
124.40000000,75.38186121
124.41000000,75.33720455
124.42000000,75.29258680
124.43000000,75.24800791
124.44000000,75.20346786
124.45000000,75.15896660
124.46000000,75.11450410
124.47000000,75.07008032
124.48000000,75.02569522
124.49000000,74.98134875
124.50000000,74.93704088
124.51000000,74.89277157
124.52000000,74.84854078
124.53000000,74.80434846
124.54000000,74.76019459
124.55000000,74.71607911
124.56000000,74.67200198
124.57000000,74.62796316
124.58000000,74.58396260
124.59000000,74.54000023
124.60000000,74.49607602
124.61000000,74.45218990
124.62000000,74.40834182
124.63000000,74.36453174
124.64000000,74.32075960
124.65000000,74.27702534
124.66000000,74.23332893
124.67000000,74.18967030
124.68000000,74.14604942
124.69000000,74.10246625
124.70000000,74.05892072
124.71000000,74.01541281
124.72000000,73.97194246
124.73000000,73.92850963
124.74000000,73.88511427
124.75000000,73.84175634
124.76000000,73.79843579
124.77000000,73.75515259
124.78000000,73.71190670
124.79000000,73.66869807
124.80000000,73.62552667
124.81000000,73.58239246
124.82000000,73.53929541
124.83000000,73.49623546
124.84000000,73.45321259
124.85000000,73.41022676
124.86000000,73.36727792
124.87000000,73.32436603
124.88000000,73.28149104
124.89000000,73.23865292
124.90000000,73.19585160
124.91000000,73.15308704
124.92000000,73.11035920
124.93000000,73.06766803
124.94000000,73.02501348
124.95000000,72.98239550
124.96000000,72.93981406
124.97000000,72.89726911
124.98000000,72.85476062
124.99000000,72.81228856
125.00000000,72.76985288
125.01000000,72.72745357
125.02000000,72.68509058
125.03000000,72.64276387
125.04000000,72.60047342
125.05000000,72.55821919
125.06000000,72.51600113
125.07000000,72.47381918
125.08000000,72.43167324
125.09000000,72.38956323
125.10000000,72.34748907
125.11000000,72.30545067
125.12000000,72.26344795
125.13000000,72.22148082
125.14000000,72.17954919
125.15000000,72.13765299
125.16000000,72.09579216
125.17000000,72.05396679
125.18000000,72.01217701
125.19000000,71.97042295
125.20000000,71.92870472
125.21000000,71.88702247
125.22000000,71.84537630
125.23000000,71.80376634
125.24000000,71.76219273
125.25000000,71.72065559
125.26000000,71.67915502
125.27000000,71.63769105
125.28000000,71.59626368
125.29000000,71.55487291
125.30000000,71.51351875
125.31000000,71.47220121
125.32000000,71.43092029
125.33000000,71.38967598
125.34000000,71.34846830
125.35000000,71.30729726
125.36000000,71.26616278
125.37000000,71.22506454
125.38000000,71.18400216
125.39000000,71.14297524
125.40000000,71.10198340
125.41000000,71.06102625
125.42000000,71.02010340
125.43000000,70.97921445
125.44000000,70.93835902
125.45000000,70.89753672
125.46000000,70.85674722
125.47000000,70.81599047
125.48000000,70.77526648
125.49000000,70.73457524
125.50000000,70.69391678
125.51000000,70.65329109
125.52000000,70.61269819
125.53000000,70.57213808
125.54000000,70.53161077
125.55000000,70.49111626
125.56000000,70.45065459
125.57000000,70.41022587
125.58000000,70.36983021
125.59000000,70.32946775
125.60000000,70.28913862
125.61000000,70.24884295
125.62000000,70.20858086
125.63000000,70.16835249
125.64000000,70.12815795
125.65000000,70.08799739
125.66000000,70.04787089
125.67000000,70.00777840
125.68000000,69.96771985
125.69000000,69.92769515
125.70000000,69.88770422
125.71000000,69.84774697
125.72000000,69.80782333
125.73000000,69.76793321
125.74000000,69.72807654
125.75000000,69.68825322
125.76000000,69.64846318
125.77000000,69.60870639
125.78000000,69.56898282
125.79000000,69.52929244
125.80000000,69.48963521
125.81000000,69.45001111
125.82000000,69.41042012
125.83000000,69.37086219
125.84000000,69.33133731
125.85000000,69.29184543
125.86000000,69.25238654
125.87000000,69.21296059
125.88000000,69.17356755
125.89000000,69.13420736
125.90000000,69.09488000
125.91000000,69.05558541
125.92000000,69.01632357
125.93000000,68.97709442
125.94000000,68.93789793
125.95000000,68.89873407
125.96000000,68.85960278
125.97000000,68.82050403
125.98000000,68.78143779
125.99000000,68.74240402
126.00000000,68.70340269
126.01000000,68.66443375
126.02000000,68.62549719
126.03000000,68.58659295
126.04000000,68.54772101
126.05000000,68.50888133
126.06000000,68.47007388
126.07000000,68.43129861
126.08000000,68.39255550
126.09000000,68.35384451
126.10000000,68.31516561
126.11000000,68.27651876
126.12000000,68.23790392
126.13000000,68.19932107
126.14000000,68.16077016
126.15000000,68.12225116
126.16000000,68.08376405
126.17000000,68.04530878
126.18000000,68.00688533
126.19000000,67.96849367
126.20000000,67.93013376
126.21000000,67.89180559
126.22000000,67.85350911
126.23000000,67.81524430
126.24000000,67.77701113
126.25000000,67.73880957
126.26000000,67.70063959
126.27000000,67.66250111
126.28000000,67.62439408
126.29000000,67.58631842
126.30000000,67.54827406
126.31000000,67.51026094
126.32000000,67.47227898
126.33000000,67.43432812
126.34000000,67.39640829
126.35000000,67.35851942
126.36000000,67.32066146
126.37000000,67.28283448
126.38000000,67.24503857
126.39000000,67.20727382
126.40000000,67.16954032
126.41000000,67.13183816
126.42000000,67.09416743
126.43000000,67.05652822
126.44000000,67.01892061
126.45000000,66.98134471
126.46000000,66.94380050
126.47000000,66.90628757
126.48000000,66.86880542
126.49000000,66.83135355
126.50000000,66.79393145
126.51000000,66.75653862
126.52000000,66.71917455
126.53000000,66.68183875
126.54000000,66.64453071
126.55000000,66.60724991
126.56000000,66.56999593
126.57000000,66.53276853
126.58000000,66.49556755
126.59000000,66.45839283
126.60000000,66.42124421
126.61000000,66.38412153
126.62000000,66.34702461
126.63000000,66.30995331
126.64000000,66.27290745
126.65000000,66.23588687
126.66000000,66.19889160
126.67000000,66.16192243
126.68000000,66.12498034
126.69000000,66.08806629
126.70000000,66.05118128
126.71000000,66.01432628
126.72000000,65.97750226
126.73000000,65.94071021
126.74000000,65.90395110
126.75000000,65.86722590
126.76000000,65.83053542
126.77000000,65.79387966
126.78000000,65.75725847
126.79000000,65.72067167
126.80000000,65.68411910
126.81000000,65.64760059
126.82000000,65.61111598
126.83000000,65.57466510
126.84000000,65.53824777
126.85000000,65.50186384
126.86000000,65.46551309
126.87000000,65.42919505
126.88000000,65.39290923
126.89000000,65.35665514
126.90000000,65.32043225
126.91000000,65.28424008
126.92000000,65.24807812
126.93000000,65.21194586
126.94000000,65.17584281
126.95000000,65.13976845
126.96000000,65.10372239
126.97000000,65.06770462
126.98000000,65.03171522
126.99000000,64.99575430
127.00000000,64.95982193
127.01000000,64.92391822
127.02000000,64.88804325
127.03000000,64.85219711
127.04000000,64.81637989
127.05000000,64.78059169
127.06000000,64.74483257
127.07000000,64.70910250
127.08000000,64.67340140
127.09000000,64.63772921
127.10000000,64.60208587
127.11000000,64.56647132
127.12000000,64.53088549
127.13000000,64.49532832
127.14000000,64.45979975
127.15000000,64.42429970
127.16000000,64.38882812
127.17000000,64.35338499
127.18000000,64.31797028
127.19000000,64.28258397
127.20000000,64.24722604
127.21000000,64.21189647
127.22000000,64.17659523
127.23000000,64.14132230
127.24000000,64.10607767
127.25000000,64.07086130
127.26000000,64.03567318
127.27000000,64.00051327
127.28000000,63.96538154
127.29000000,63.93027796
127.30000000,63.89520250
127.31000000,63.86015511
127.32000000,63.82513578
127.33000000,63.79014446
127.34000000,63.75518112
127.35000000,63.72024574
127.36000000,63.68533826
127.37000000,63.65045868
127.38000000,63.61560695
127.39000000,63.58078305
127.40000000,63.54598694
127.41000000,63.51121861
127.42000000,63.47647801
127.43000000,63.44176511
127.44000000,63.40707990
127.45000000,63.37242233
127.46000000,63.33779238
127.47000000,63.30319001
127.48000000,63.26861521
127.49000000,63.23406794
127.50000000,63.19954817
127.51000000,63.16505588
127.52000000,63.13059103
127.53000000,63.09615359
127.54000000,63.06174354
127.55000000,63.02736085
127.56000000,62.99300548
127.57000000,62.95867741
127.58000000,62.92437661
127.59000000,62.89010305
127.60000000,62.85585670
127.61000000,62.82163753
127.62000000,62.78744550
127.63000000,62.75328059
127.64000000,62.71914277
127.65000000,62.68503200
127.66000000,62.65094827
127.67000000,62.61689154
127.68000000,62.58286178
127.69000000,62.54885897
127.70000000,62.51488310
127.71000000,62.48093411
127.72000000,62.44701201
127.73000000,62.41311675
127.74000000,62.37924832
127.75000000,62.34540668
127.76000000,62.31159182
127.77000000,62.27780368
127.78000000,62.24404225
127.79000000,62.21030749
127.80000000,62.17659935
127.81000000,62.14291780
127.82000000,62.10926280
127.83000000,62.07563433
127.84000000,62.04203234
127.85000000,62.00845679
127.86000000,61.97490766
127.87000000,61.94138490
127.88000000,61.90788849
127.89000000,61.87441840
127.90000000,61.84097459
127.91000000,61.80755703
127.92000000,61.77416569
127.93000000,61.74080054
127.94000000,61.70746155
127.95000000,61.67414868
127.96000000,61.64086191
127.97000000,61.60760123
127.98000000,61.57436661
127.99000000,61.54115806
128.00000000,61.50797556
128.01000000,61.47481911
128.02000000,61.44168868
128.03000000,61.40858428
128.04000000,61.37550588
128.05000000,61.34245349
128.06000000,61.30942708
128.07000000,61.27642664
128.08000000,61.24345212
128.09000000,61.21050350
128.10000000,61.17758075
128.11000000,61.14468384
128.12000000,61.11181273
128.13000000,61.07896740
128.14000000,61.04614781
128.15000000,61.01335394
128.16000000,60.98058575
128.17000000,60.94784321
128.18000000,60.91512629
128.19000000,60.88243494
128.20000000,60.84976914
128.21000000,60.81712886
128.22000000,60.78451405
128.23000000,60.75192468
128.24000000,60.71936073
128.25000000,60.68682214
128.26000000,60.65430890
128.27000000,60.62182098
128.28000000,60.58935834
128.29000000,60.55692098
128.30000000,60.52450887
128.31000000,60.49212197
128.32000000,60.45976028
128.33000000,60.42742376
128.34000000,60.39511239
128.35000000,60.36282615
128.36000000,60.33056502
128.37000000,60.29832896
128.38000000,60.26611796
128.39000000,60.23393197
128.40000000,60.20177098
128.41000000,60.16963495
128.42000000,60.13752386
128.43000000,60.10543768
128.44000000,60.07337638
128.45000000,60.04133994
128.46000000,60.00932832
128.47000000,59.97734151
128.48000000,59.94537947
128.49000000,59.91344219
128.50000000,59.88152963
128.51000000,59.84964179
128.52000000,59.81777862
128.53000000,59.78594011
128.54000000,59.75412623
128.55000000,59.72233697
128.56000000,59.69057229
128.57000000,59.65883217
128.58000000,59.62711658
128.59000000,59.59542550
128.60000000,59.56375890
128.61000000,59.53211676
128.62000000,59.50049906
128.63000000,59.46890575
128.64000000,59.43733683
128.65000000,59.40579227
128.66000000,59.37427203
128.67000000,59.34277610
128.68000000,59.31130444
128.69000000,59.27985703
128.70000000,59.24843384
128.71000000,59.21703484
128.72000000,59.18566001
128.73000000,59.15430932
128.74000000,59.12298275
128.75000000,59.09168025
128.76000000,59.06040182
128.77000000,59.02914742
128.78000000,58.99791704
128.79000000,58.96671065
128.80000000,58.93552823
128.81000000,58.90436975
128.82000000,58.87323520
128.83000000,58.84212455
128.84000000,58.81103779
128.85000000,58.77997488
128.86000000,58.74893580
128.87000000,58.71792054
128.88000000,58.68692906
128.89000000,58.65596133
128.90000000,58.62501734
128.91000000,58.59409705
128.92000000,58.56320044
128.93000000,58.53232749
128.94000000,58.50147816
128.95000000,58.47065243
128.96000000,58.43985027
128.97000000,58.40907166
128.98000000,58.37831657
128.99000000,58.34758496
129.00000000,58.31687681
129.01000000,58.28619209
129.02000000,58.25553076
129.03000000,58.22489281
129.04000000,58.19427819
129.05000000,58.16368688
129.06000000,58.13311886
129.07000000,58.10257409
129.08000000,58.07205256
129.09000000,58.04155425
129.10000000,58.01107914
129.11000000,57.98062720
129.12000000,57.95019841
129.13000000,57.91979276
129.14000000,57.88941022
129.15000000,57.85905076
129.16000000,57.82871438
129.17000000,57.79840104
129.18000000,57.76811071
129.19000000,57.73784338
129.20000000,57.70759902
129.21000000,57.67737760
129.22000000,57.64717909
129.23000000,57.61700348
129.24000000,57.58685074
129.25000000,57.55672083
129.26000000,57.52661374
129.27000000,57.49652945
129.28000000,57.46646792
129.29000000,57.43642915
129.30000000,57.40641310
129.31000000,57.37641976
129.32000000,57.34644910
129.33000000,57.31650110
129.34000000,57.28657575
129.35000000,57.25667300
129.36000000,57.22679286
129.37000000,57.19693529
129.38000000,57.16710029
129.39000000,57.13728784
129.40000000,57.10749793
129.41000000,57.07773054
129.42000000,57.04798566
129.43000000,57.01826327
129.44000000,56.98856337
129.45000000,56.95888592
129.46000000,56.92923092
129.47000000,56.89959835
129.48000000,56.86998817
129.49000000,56.84040036
129.50000000,56.81083490
129.51000000,56.78129174
129.52000000,56.75177088
129.53000000,56.72227227
129.54000000,56.69279590
129.55000000,56.66334174
129.56000000,56.63390976
129.57000000,56.60449993
129.58000000,56.57511223
129.59000000,56.54574665
129.60000000,56.51640314
129.61000000,56.48708169
129.62000000,56.45778228
129.63000000,56.42850487
129.64000000,56.39924946
129.65000000,56.37001600
129.66000000,56.34080448
129.67000000,56.31161488
129.68000000,56.28244717
129.69000000,56.25330132
129.70000000,56.22417732
129.71000000,56.19507514
129.72000000,56.16599476
129.73000000,56.13693616
129.74000000,56.10789931
129.75000000,56.07888418
129.76000000,56.04989077
129.77000000,56.02091904
129.78000000,55.99196898
129.79000000,55.96304057
129.80000000,55.93413380
129.81000000,55.90524865
129.82000000,55.87638510
129.83000000,55.84754312
129.84000000,55.81872272
129.85000000,55.78992386
129.86000000,55.76114652
129.87000000,55.73239070
129.88000000,55.70365636
129.89000000,55.67494348
129.90000000,55.64625205
129.91000000,55.61758203
129.92000000,55.58893341
129.93000000,55.56030617
129.94000000,55.53170028
129.95000000,55.50311572
129.96000000,55.47455247
129.97000000,55.44601049
129.98000000,55.41748977
129.99000000,55.38899027
130.00000000,55.36051196
130.01000000,55.33205482
130.02000000,55.30361880
130.03000000,55.27520389
130.04000000,55.24681006
130.05000000,55.21843727
130.06000000,55.19008549
130.07000000,55.16175472
130.08000000,55.13344494
130.09000000,55.10515615
130.10000000,55.07688832
130.11000000,55.04864144
130.12000000,55.02041551
130.13000000,54.99221052
130.14000000,54.96402645
130.15000000,54.93586328
130.16000000,54.90772102
130.17000000,54.87959963
130.18000000,54.85149909
130.19000000,54.82341939
130.20000000,54.79536050
130.21000000,54.76732240
130.22000000,54.73930506
130.23000000,54.71130847
130.24000000,54.68333261
130.25000000,54.65537744
130.26000000,54.62744296
130.27000000,54.59952913
130.28000000,54.57163592
130.29000000,54.54376331
130.30000000,54.51591128
130.31000000,54.48807979
130.32000000,54.46026881
130.33000000,54.43247833
130.34000000,54.40470831
130.35000000,54.37695872
130.36000000,54.34922955
130.37000000,54.32152077
130.38000000,54.29383237
130.39000000,54.26616435
130.40000000,54.23851668
130.41000000,54.21088936
130.42000000,54.18328237
130.43000000,54.15569570
130.44000000,54.12812933
130.45000000,54.10058326
130.46000000,54.07305747
130.47000000,54.04555193
130.48000000,54.01806662
130.49000000,53.99060152
130.50000000,53.96315659
130.51000000,53.93573181
130.52000000,53.90832716
130.53000000,53.88094260
130.54000000,53.85357812
130.55000000,53.82623369
130.56000000,53.79890928
130.57000000,53.77160486
130.58000000,53.74432042
130.59000000,53.71705593
130.60000000,53.68981137
130.61000000,53.66258671
130.62000000,53.63538193
130.63000000,53.60819701
130.64000000,53.58103192
130.65000000,53.55388664
130.66000000,53.52676115
130.67000000,53.49965545
130.68000000,53.47256951
130.69000000,53.44550334
130.70000000,53.41845693
130.71000000,53.39143028
130.72000000,53.36442337
130.73000000,53.33743620
130.74000000,53.31046876
130.75000000,53.28352105
130.76000000,53.25659305
130.77000000,53.22968475
130.78000000,53.20279612
130.79000000,53.17592714
130.80000000,53.14907779
130.81000000,53.12224803
130.82000000,53.09543785
130.83000000,53.06864723
130.84000000,53.04187613
130.85000000,53.01512454
130.86000000,52.98839243
130.87000000,52.96167977
130.88000000,52.93498656
130.89000000,52.90831275
130.90000000,52.88165833
130.91000000,52.85502328
130.92000000,52.82840758
130.93000000,52.80181119
130.94000000,52.77523409
130.95000000,52.74867627
130.96000000,52.72213771
130.97000000,52.69561837
130.98000000,52.66911826
130.99000000,52.64263735
131.00000000,52.61617563
131.01000000,52.58973309
131.02000000,52.56330970
131.03000000,52.53690546
131.04000000,52.51052036
131.05000000,52.48415436
131.06000000,52.45780747
131.07000000,52.43147966
131.08000000,52.40517090
131.09000000,52.37888119
131.10000000,52.35261049
131.11000000,52.32635879
131.12000000,52.30012607
131.13000000,52.27391230
131.14000000,52.24771746
131.15000000,52.22154154
131.16000000,52.19538452
131.17000000,52.16924636
131.18000000,52.14312707
131.19000000,52.11702662
131.20000000,52.09094499
131.21000000,52.06488217
131.22000000,52.03883814
131.23000000,52.01281288
131.24000000,51.98680638
131.25000000,51.96081861
131.26000000,51.93484956
131.27000000,51.90889922
131.28000000,51.88296755
131.29000000,51.85705456
131.30000000,51.83116021
131.31000000,51.80528449
131.32000000,51.77942738
131.33000000,51.75358886
131.34000000,51.72776892
131.35000000,51.70196754
131.36000000,51.67618469
131.37000000,51.65042037
131.38000000,51.62467454
131.39000000,51.59894720
131.40000000,51.57323833
131.41000000,51.54754789
131.42000000,51.52187588
131.43000000,51.49622228
131.44000000,51.47058707
131.45000000,51.44497022
131.46000000,51.41937173
131.47000000,51.39379157
131.48000000,51.36822973
131.49000000,51.34268618
131.50000000,51.31716093
131.51000000,51.29165394
131.52000000,51.26616520
131.53000000,51.24069470
131.54000000,51.21524242
131.55000000,51.18980834
131.56000000,51.16439245
131.57000000,51.13899473
131.58000000,51.11361516
131.59000000,51.08825372
131.60000000,51.06291039
131.61000000,51.03758516
131.62000000,51.01227800
131.63000000,50.98698890
131.64000000,50.96171784
131.65000000,50.93646480
131.66000000,50.91122976
131.67000000,50.88601270
131.68000000,50.86081362
131.69000000,50.83563248
131.70000000,50.81046929
131.71000000,50.78532402
131.72000000,50.76019665
131.73000000,50.73508717
131.74000000,50.70999557
131.75000000,50.68492182
131.76000000,50.65986591
131.77000000,50.63482783
131.78000000,50.60980754
131.79000000,50.58480504
131.80000000,50.55982030
131.81000000,50.53485331
131.82000000,50.50990404
131.83000000,50.48497247
131.84000000,50.46005859
131.85000000,50.43516237
131.86000000,50.41028379
131.87000000,50.38542284
131.88000000,50.36057950
131.89000000,50.33575374
131.90000000,50.31094554
131.91000000,50.28615489
131.92000000,50.26138177
131.93000000,50.23662614
131.94000000,50.21188801
131.95000000,50.18716733
131.96000000,50.16246410
131.97000000,50.13777831
131.98000000,50.11310995
131.99000000,50.08845901
132.00000000,50.06382548
132.01000000,50.03920936
132.02000000,50.01461064
132.03000000,49.99002931
132.04000000,49.96546537
132.05000000,49.94091880
132.06000000,49.91638960
132.07000000,49.89187776
132.08000000,49.86738325
132.09000000,49.84290605
132.10000000,49.81844616
132.11000000,49.79400355
132.12000000,49.76957821
132.13000000,49.74517012
132.14000000,49.72077926
132.15000000,49.69640562
132.16000000,49.67204917
132.17000000,49.64770990
132.18000000,49.62338779
132.19000000,49.59908282
132.20000000,49.57479496
132.21000000,49.55052420
132.22000000,49.52627051
132.23000000,49.50203388
132.24000000,49.47781429
132.25000000,49.45361171
132.26000000,49.42942613
132.27000000,49.40525752
132.28000000,49.38110588
132.29000000,49.35697120
132.30000000,49.33285345
132.31000000,49.30875263
132.32000000,49.28466871
132.33000000,49.26060169
132.34000000,49.23655155
132.35000000,49.21251828
132.36000000,49.18850186
132.37000000,49.16450227
132.38000000,49.14051950
132.39000000,49.11655354
132.40000000,49.09260436
132.41000000,49.06867194
132.42000000,49.04475628
132.43000000,49.02085734
132.44000000,48.99697513
132.45000000,48.97310961
132.46000000,48.94926077
132.47000000,48.92542860
132.48000000,48.90161308
132.49000000,48.87781419
132.50000000,48.85403193
132.51000000,48.83026628
132.52000000,48.80651722
132.53000000,48.78278473
132.54000000,48.75906881
132.55000000,48.73536943
132.56000000,48.71168659
132.57000000,48.68802027
132.58000000,48.66437044
132.59000000,48.64073710
132.60000000,48.61712023
132.61000000,48.59351982
132.62000000,48.56993584
132.63000000,48.54636828
132.64000000,48.52281712
132.65000000,48.49928236
132.66000000,48.47576396
132.67000000,48.45226193
132.68000000,48.42877623
132.69000000,48.40530686
132.70000000,48.38185379
132.71000000,48.35841701
132.72000000,48.33499651
132.73000000,48.31159226
132.74000000,48.28820426
132.75000000,48.26483248
132.76000000,48.24147691
132.77000000,48.21813753
132.78000000,48.19481434
132.79000000,48.17150731
132.80000000,48.14821645
132.81000000,48.12494173
132.82000000,48.10168314
132.83000000,48.07844067
132.84000000,48.05521431
132.85000000,48.03200404
132.86000000,48.00880985
132.87000000,47.98563173
132.88000000,47.96246966
132.89000000,47.93932363
132.90000000,47.91619361
132.91000000,47.89307960
132.92000000,47.86998157
132.93000000,47.84689952
132.94000000,47.82383342
132.95000000,47.80078325
132.96000000,47.77774902
132.97000000,47.75473068
132.98000000,47.73172824
132.99000000,47.70874167
133.00000000,47.68577096
133.01000000,47.66281609
133.02000000,47.63987703
133.03000000,47.61695379
133.04000000,47.59404633
133.05000000,47.57115464
133.06000000,47.54827871
133.07000000,47.52541852
133.08000000,47.50257406
133.09000000,47.47974533
133.10000000,47.45693232
133.11000000,47.43413502
133.12000000,47.41135340
133.13000000,47.38858748
133.14000000,47.36583723
133.15000000,47.34310265
133.16000000,47.32038373
133.17000000,47.29768044
133.18000000,47.27499277
133.19000000,47.25232069
133.20000000,47.22966419
133.21000000,47.20702323
133.22000000,47.18439780
133.23000000,47.16178789
133.24000000,47.13919345
133.25000000,47.11661449
133.26000000,47.09405096
133.27000000,47.07150287
133.28000000,47.04897018
133.29000000,47.02645289
133.30000000,47.00395098
133.31000000,46.98146442
133.32000000,46.95899322
133.33000000,46.93653734
133.34000000,46.91409677
133.35000000,46.89167150
133.36000000,46.86926151
133.37000000,46.84686680
133.38000000,46.82448737
133.39000000,46.80212321
133.40000000,46.77977433
133.41000000,46.75744073
133.42000000,46.73512239
133.43000000,46.71281933
133.44000000,46.69053154
133.45000000,46.66825902
133.46000000,46.64600176
133.47000000,46.62375976
133.48000000,46.60153299
133.49000000,46.57932143
133.50000000,46.55712507
133.51000000,46.53494389
133.52000000,46.51277787
133.53000000,46.49062699
133.54000000,46.46849124
133.55000000,46.44637060
133.56000000,46.42426504
133.57000000,46.40217456
133.58000000,46.38009913
133.59000000,46.35803874
133.60000000,46.33599337
133.61000000,46.31396299
133.62000000,46.29194760
133.63000000,46.26994717
133.64000000,46.24796170
133.65000000,46.22599115
133.66000000,46.20403551
133.67000000,46.18209478
133.68000000,46.16016893
133.69000000,46.13825796
133.70000000,46.11636187
133.71000000,46.09448062
133.72000000,46.07261423
133.73000000,46.05076267
133.74000000,46.02892593
133.75000000,46.00710401
133.76000000,45.98529688
133.77000000,45.96350455
133.78000000,45.94172698
133.79000000,45.91996417
133.80000000,45.89821610
133.81000000,45.87648275
133.82000000,45.85476411
133.83000000,45.83306017
133.84000000,45.81137090
133.85000000,45.78969629
133.86000000,45.76803633
133.87000000,45.74639100
133.88000000,45.72476030
133.89000000,45.70314420
133.90000000,45.68154271
133.91000000,45.65995579
133.92000000,45.63838345
133.93000000,45.61682567
133.94000000,45.59528244
133.95000000,45.57375375
133.96000000,45.55223958
133.97000000,45.53073992
133.98000000,45.50925475
133.99000000,45.48778408
134.00000000,45.46632788
134.01000000,45.44488613
134.02000000,45.42345884
134.03000000,45.40204598
134.04000000,45.38064755
134.05000000,45.35926352
134.06000000,45.33789389
134.07000000,45.31653865
134.08000000,45.29519777
134.09000000,45.27387125
134.10000000,45.25255908
134.11000000,45.23126123
134.12000000,45.20997769
134.13000000,45.18870845
134.14000000,45.16745350
134.15000000,45.14621282
134.16000000,45.12498639
134.17000000,45.10377421
134.18000000,45.08257626
134.19000000,45.06139253
134.20000000,45.04022301
134.21000000,45.01906767
134.22000000,44.99792652
134.23000000,44.97679954
134.24000000,44.95568671
134.25000000,44.93458802
134.26000000,44.91350346
134.27000000,44.89243302
134.28000000,44.87137668
134.29000000,44.85033444
134.30000000,44.82930627
134.31000000,44.80829217
134.32000000,44.78729213
134.33000000,44.76630613
134.34000000,44.74533416
134.35000000,44.72437621
134.36000000,44.70343226
134.37000000,44.68250230
134.38000000,44.66158633
134.39000000,44.64068433
134.40000000,44.61979629
134.41000000,44.59892220
134.42000000,44.57806205
134.43000000,44.55721582
134.44000000,44.53638351
134.45000000,44.51556510
134.46000000,44.49476058
134.47000000,44.47396994
134.48000000,44.45319315
134.49000000,44.43243020
134.50000000,44.41168107
134.51000000,44.39094575
134.52000000,44.37022421
134.53000000,44.34951644
134.54000000,44.32882241
134.55000000,44.30814212
134.56000000,44.28747555
134.57000000,44.26682267
134.58000000,44.24618348
134.59000000,44.22555797
134.60000000,44.20494612
134.61000000,44.18434792
134.62000000,44.16376336
134.63000000,44.14319242
134.64000000,44.12263509
134.65000000,44.10209135
134.66000000,44.08156121
134.67000000,44.06104464
134.68000000,44.04054166
134.69000000,44.02005226
134.70000000,43.99957644
134.71000000,43.97911419
134.72000000,43.95866552
134.73000000,43.93823043
134.74000000,43.91780891
134.75000000,43.89740096
134.76000000,43.87700657
134.77000000,43.85662575
134.78000000,43.83625847
134.79000000,43.81590471
134.80000000,43.79556448
134.81000000,43.77523774
134.82000000,43.75492450
134.83000000,43.73462473
134.84000000,43.71433843
134.85000000,43.69406557
134.86000000,43.67380615
134.87000000,43.65356015
134.88000000,43.63332754
134.89000000,43.61310833
134.90000000,43.59290248
134.91000000,43.57270998
134.92000000,43.55253082
134.93000000,43.53236498
134.94000000,43.51221243
134.95000000,43.49207317
134.96000000,43.47194718
134.97000000,43.45183444
134.98000000,43.43173495
134.99000000,43.41164869
135.00000000,43.39157566
135.01000000,43.37151584
135.02000000,43.35146922
135.03000000,43.33143580
135.04000000,43.31141555
135.05000000,43.29140848
135.06000000,43.27141457
135.07000000,43.25143381
135.08000000,43.23146619
135.09000000,43.21151169
135.10000000,43.19157030
135.11000000,43.17164202
135.12000000,43.15172683
135.13000000,43.13182471
135.14000000,43.11193566
135.15000000,43.09205966
135.16000000,43.07219671
135.17000000,43.05234679
135.18000000,43.03250989
135.19000000,43.01268599
135.20000000,42.99287509
135.21000000,42.97307718
135.22000000,42.95329224
135.23000000,42.93352026
135.24000000,42.91376123
135.25000000,42.89401514
135.26000000,42.87428198
135.27000000,42.85456174
135.28000000,42.83485439
135.29000000,42.81515994
135.30000000,42.79547837
135.31000000,42.77580967
135.32000000,42.75615383
135.33000000,42.73651083
135.34000000,42.71688066
135.35000000,42.69726332
135.36000000,42.67765879
135.37000000,42.65806706
135.38000000,42.63848813
135.39000000,42.61892197
135.40000000,42.59936859
135.41000000,42.57982797
135.42000000,42.56030010
135.43000000,42.54078498
135.44000000,42.52128258
135.45000000,42.50179292
135.46000000,42.48231596
135.47000000,42.46285170
135.48000000,42.44340013
135.49000000,42.42396122
135.50000000,42.40453496
135.51000000,42.38512134
135.52000000,42.36572033
135.53000000,42.34633192
135.54000000,42.32695610
135.55000000,42.30759286
135.56000000,42.28824216
135.57000000,42.26890403
135.58000000,42.24957847
135.59000000,42.23026548
135.60000000,42.21096508
135.61000000,42.19167726
135.62000000,42.17240203
135.63000000,42.15313941
135.64000000,42.13388940
135.65000000,42.11465200
135.66000000,42.09542721
135.67000000,42.07621497
135.68000000,42.05701518
135.69000000,42.03782777
135.70000000,42.01865266
135.71000000,41.99948977
135.72000000,41.98033902
135.73000000,41.96120031
135.74000000,41.94207359
135.75000000,41.92295875
135.76000000,41.90385578
135.77000000,41.88476488
135.78000000,41.86568629
135.79000000,41.84662028
135.80000000,41.82756709
135.81000000,41.80852697
135.82000000,41.78950018
135.83000000,41.77048698
135.84000000,41.75148761
135.85000000,41.73250232
135.86000000,41.71353135
135.87000000,41.69457478
135.88000000,41.67563268
135.89000000,41.65670511
135.90000000,41.63779214
135.91000000,41.61889383
135.92000000,41.60001024
135.93000000,41.58114145
135.94000000,41.56228750
135.95000000,41.54344847
135.96000000,41.52462431
135.97000000,41.50581455
135.98000000,41.48701862
135.99000000,41.46823595
136.00000000,41.44946594
136.01000000,41.43070803
136.02000000,41.41196164
136.03000000,41.39322619
136.04000000,41.37450111
136.05000000,41.35578582
136.06000000,41.33707985
136.07000000,41.31838316
136.08000000,41.29969581
136.09000000,41.28101788
136.10000000,41.26234942
136.11000000,41.24369050
136.12000000,41.22504120
136.13000000,41.20640157
136.14000000,41.18777168
136.15000000,41.16915160
136.16000000,41.15054142
136.17000000,41.13194137
136.18000000,41.11335170
136.19000000,41.09477266
136.20000000,41.07620452
136.21000000,41.05764751
136.22000000,41.03910191
136.23000000,41.02056795
136.24000000,41.00204589
136.25000000,40.98353600
136.26000000,40.96503846
136.27000000,40.94655325
136.28000000,40.92808029
136.29000000,40.90961951
136.30000000,40.89117081
136.31000000,40.87273413
136.32000000,40.85430938
136.33000000,40.83589647
136.34000000,40.81749534
136.35000000,40.79910590
136.36000000,40.78072809
136.37000000,40.76236189
136.38000000,40.74400732
136.39000000,40.72566439
136.40000000,40.70733309
136.41000000,40.68901344
136.42000000,40.67070545
136.43000000,40.65240913
136.44000000,40.63412447
136.45000000,40.61585150
136.46000000,40.59759021
136.47000000,40.57934059
136.48000000,40.56110263
136.49000000,40.54287631
136.50000000,40.52466162
136.51000000,40.50645854
136.52000000,40.48826706
136.53000000,40.47008717
136.54000000,40.45191884
136.55000000,40.43376207
136.56000000,40.41561684
136.57000000,40.39748315
136.58000000,40.37936097
136.59000000,40.36125032
136.60000000,40.34315116
136.61000000,40.32506351
136.62000000,40.30698735
136.63000000,40.28892266
136.64000000,40.27086945
136.65000000,40.25282771
136.66000000,40.23479741
136.67000000,40.21677857
136.68000000,40.19877116
136.69000000,40.18077517
136.70000000,40.16279060
136.71000000,40.14481743
136.72000000,40.12685565
136.73000000,40.10890526
136.74000000,40.09096623
136.75000000,40.07303857
136.76000000,40.05512226
136.77000000,40.03721729
136.78000000,40.01932365
136.79000000,40.00144134
136.80000000,39.98357034
136.81000000,39.96571064
136.82000000,39.94786224
136.83000000,39.93002512
136.84000000,39.91219928
136.85000000,39.89438471
136.86000000,39.87658140
136.87000000,39.85878934
136.88000000,39.84100852
136.89000000,39.82323894
136.90000000,39.80548058
136.91000000,39.78773344
136.92000000,39.76999751
136.93000000,39.75227278
136.94000000,39.73455925
136.95000000,39.71685690
136.96000000,39.69916572
136.97000000,39.68148572
136.98000000,39.66381686
136.99000000,39.64615913
137.00000000,39.62851252
137.01000000,39.61087702
137.02000000,39.59325262
137.03000000,39.57563929
137.04000000,39.55803702
137.05000000,39.54044580
137.06000000,39.52286562
137.07000000,39.50529647
137.08000000,39.48773838
137.09000000,39.47019133
137.10000000,39.45265534
137.11000000,39.43513041
137.12000000,39.41761655
137.13000000,39.40011376
137.14000000,39.38262205
137.15000000,39.36514142
137.16000000,39.34767187
137.17000000,39.33021335
137.18000000,39.31276577
137.19000000,39.29532909
137.20000000,39.27790323
137.21000000,39.26048812
137.22000000,39.24308370
137.23000000,39.22568989
137.24000000,39.20830665
137.25000000,39.19093389
137.26000000,39.17357155
137.27000000,39.15621961
137.28000000,39.13887804
137.29000000,39.12154681
137.30000000,39.10422591
137.31000000,39.08691529
137.32000000,39.06961495
137.33000000,39.05232484
137.34000000,39.03504496
137.35000000,39.01777527
137.36000000,39.00051577
137.37000000,38.98326655
137.38000000,38.96602774
137.39000000,38.94879945
137.40000000,38.93158179
137.41000000,38.91437488
137.42000000,38.89717884
137.43000000,38.87999379
137.44000000,38.86281985
137.45000000,38.84565712
137.46000000,38.82850571
137.47000000,38.81136561
137.48000000,38.79423680
137.49000000,38.77711926
137.50000000,38.76001295
137.51000000,38.74291786
137.52000000,38.72583395
137.53000000,38.70876121
137.54000000,38.69169961
137.55000000,38.67464912
137.56000000,38.65760971
137.57000000,38.64058132
137.58000000,38.62356389
137.59000000,38.60655734
137.60000000,38.58956161
137.61000000,38.57257662
137.62000000,38.55560231
137.63000000,38.53863861
137.64000000,38.52168545
137.65000000,38.50474277
137.66000000,38.48781050
137.67000000,38.47088864
137.68000000,38.45397720
137.69000000,38.43707618
137.70000000,38.42018559
137.71000000,38.40330543
137.72000000,38.38643572
137.73000000,38.36957645
137.74000000,38.35272764
137.75000000,38.33588929
137.76000000,38.31906141
137.77000000,38.30224397
137.78000000,38.28543698
137.79000000,38.26864043
137.80000000,38.25185429
137.81000000,38.23507855
137.82000000,38.21831322
137.83000000,38.20155827
137.84000000,38.18481368
137.85000000,38.16807946
137.86000000,38.15135559
137.87000000,38.13464206
137.88000000,38.11793886
137.89000000,38.10124599
137.90000000,38.08456343
137.91000000,38.06789118
137.92000000,38.05122924
137.93000000,38.03457759
137.94000000,38.01793623
137.95000000,38.00130515
137.96000000,37.98468434
137.97000000,37.96807380
137.98000000,37.95147351
137.99000000,37.93488347
138.00000000,37.91830366
138.01000000,37.90173409
138.02000000,37.88517473
138.03000000,37.86862559
138.04000000,37.85208664
138.05000000,37.83555790
138.06000000,37.81903933
138.07000000,37.80253095
138.08000000,37.78603273
138.09000000,37.76954466
138.10000000,37.75306675
138.11000000,37.73659898
138.12000000,37.72014134
138.13000000,37.70369382
138.14000000,37.68725641
138.15000000,37.67082911
138.16000000,37.65441190
138.17000000,37.63800478
138.18000000,37.62160774
138.19000000,37.60522078
138.20000000,37.58884387
138.21000000,37.57247703
138.22000000,37.55612024
138.23000000,37.53977349
138.24000000,37.52343678
138.25000000,37.50711009
138.26000000,37.49079342
138.27000000,37.47448677
138.28000000,37.45819011
138.29000000,37.44190343
138.30000000,37.42562674
138.31000000,37.40936000
138.32000000,37.39310321
138.33000000,37.37685637
138.34000000,37.36061945
138.35000000,37.34439245
138.36000000,37.32817535
138.37000000,37.31196817
138.38000000,37.29577090
138.39000000,37.27958356
138.40000000,37.26340614
138.41000000,37.24723867
138.42000000,37.23108114
138.43000000,37.21493356
138.44000000,37.19879593
138.45000000,37.18266827
138.46000000,37.16655057
138.47000000,37.15044277
138.48000000,37.13434482
138.49000000,37.11825664
138.50000000,37.10217818
138.51000000,37.08610936
138.52000000,37.07005012
138.53000000,37.05400041
138.54000000,37.03796015
138.55000000,37.02192928
138.56000000,37.00590774
138.57000000,36.98989551
138.58000000,36.97389255
138.59000000,36.95789885
138.60000000,36.94191438
138.61000000,36.92593911
138.62000000,36.90997303
138.63000000,36.89401611
138.64000000,36.87806832
138.65000000,36.86212965
138.66000000,36.84620009
138.67000000,36.83027972
138.68000000,36.81436867
138.69000000,36.79846705
138.70000000,36.78257497
138.71000000,36.76669255
138.72000000,36.75081989
138.73000000,36.73495711
138.74000000,36.71910433
138.75000000,36.70326165
138.76000000,36.68742917
138.77000000,36.67160689
138.78000000,36.65579478
138.79000000,36.63999283
138.80000000,36.62420100
138.81000000,36.60841927
138.82000000,36.59264763
138.83000000,36.57688605
138.84000000,36.56113450
138.85000000,36.54539296
138.86000000,36.52966140
138.87000000,36.51393977
138.88000000,36.49822800
138.89000000,36.48252603
138.90000000,36.46683379
138.91000000,36.45115122
138.92000000,36.43547826
138.93000000,36.41981483
138.94000000,36.40416089
138.95000000,36.38851636
138.96000000,36.37288119
138.97000000,36.35725538
138.98000000,36.34163894
138.99000000,36.32603186
139.00000000,36.31043416
139.01000000,36.29484585
139.02000000,36.27926693
139.03000000,36.26369740
139.04000000,36.24813728
139.05000000,36.23258657
139.06000000,36.21704528
139.07000000,36.20151339
139.08000000,36.18599090
139.09000000,36.17047779
139.10000000,36.15497405
139.11000000,36.13947966
139.12000000,36.12399463
139.13000000,36.10851893
139.14000000,36.09305256
139.15000000,36.07759550
139.16000000,36.06214774
139.17000000,36.04670927
139.18000000,36.03128009
139.19000000,36.01586019
139.20000000,36.00044957
139.21000000,35.98504821
139.22000000,35.96965611
139.23000000,35.95427327
139.24000000,35.93889967
139.25000000,35.92353531
139.26000000,35.90818019
139.27000000,35.89283429
139.28000000,35.87749761
139.29000000,35.86217014
139.30000000,35.84685188
139.31000000,35.83154282
139.32000000,35.81624295
139.33000000,35.80095226
139.34000000,35.78567075
139.35000000,35.77039841
139.36000000,35.75513523
139.37000000,35.73988121
139.38000000,35.72463633
139.39000000,35.70940060
139.40000000,35.69417400
139.41000000,35.67895652
139.42000000,35.66374816
139.43000000,35.64854891
139.44000000,35.63335877
139.45000000,35.61817771
139.46000000,35.60300575
139.47000000,35.58784286
139.48000000,35.57268905
139.49000000,35.55754430
139.50000000,35.54240862
139.51000000,35.52728198
139.52000000,35.51216439
139.53000000,35.49705584
139.54000000,35.48195632
139.55000000,35.46686582
139.56000000,35.45178434
139.57000000,35.43671187
139.58000000,35.42164839
139.59000000,35.40659390
139.60000000,35.39154838
139.61000000,35.37651183
139.62000000,35.36148423
139.63000000,35.34646558
139.64000000,35.33145586
139.65000000,35.31645506
139.66000000,35.30146318
139.67000000,35.28648022
139.68000000,35.27150618
139.69000000,35.25654107
139.70000000,35.24158490
139.71000000,35.22663768
139.72000000,35.21169940
139.73000000,35.19677008
139.74000000,35.18184973
139.75000000,35.16693834
139.76000000,35.15203591
139.77000000,35.13714240
139.78000000,35.12225774
139.79000000,35.10738186
139.80000000,35.09251472
139.81000000,35.07765623
139.82000000,35.06280635
139.83000000,35.04796500
139.84000000,35.03313213
139.85000000,35.01830768
139.86000000,35.00349158
139.87000000,34.98868382
139.88000000,34.97388436
139.89000000,34.95909319
139.90000000,34.94431028
139.91000000,34.92953562
139.92000000,34.91476918
139.93000000,34.90001094
139.94000000,34.88526087
139.95000000,34.87051897
139.96000000,34.85578521
139.97000000,34.84105971
139.98000000,34.82634257
139.99000000,34.81163390
140.00000000,34.79693383
140.01000000,34.78224246
140.02000000,34.76755990
140.03000000,34.75288628
140.04000000,34.73822170
140.05000000,34.72356628
140.06000000,34.70892012
140.07000000,34.69428320
140.08000000,34.67965551
140.09000000,34.66503703
140.10000000,34.65042774
140.11000000,34.63582761
140.12000000,34.62123662
140.13000000,34.60665475
140.14000000,34.59208198
140.15000000,34.57751828
140.16000000,34.56296363
140.17000000,34.54841798
140.18000000,34.53388124
140.19000000,34.51935337
140.20000000,34.50483429
140.21000000,34.49032394
140.22000000,34.47582225
140.23000000,34.46132916
140.24000000,34.44684461
140.25000000,34.43236852
140.26000000,34.41790085
140.27000000,34.40344160
140.28000000,34.38899078
140.29000000,34.37454839
140.30000000,34.36011446
140.31000000,34.34568900
140.32000000,34.33127201
140.33000000,34.31686351
140.34000000,34.30246351
140.35000000,34.28807203
140.36000000,34.27368907
140.37000000,34.25931462
140.38000000,34.24494868
140.39000000,34.23059122
140.40000000,34.21624225
140.41000000,34.20190174
140.42000000,34.18756969
140.43000000,34.17324609
140.44000000,34.15893092
140.45000000,34.14462417
140.46000000,34.13032583
140.47000000,34.11603589
140.48000000,34.10175434
140.49000000,34.08748117
140.50000000,34.07321637
140.51000000,34.05895993
140.52000000,34.04471184
140.53000000,34.03047209
140.54000000,34.01624066
140.55000000,34.00201756
140.56000000,33.98780276
140.57000000,33.97359627
140.58000000,33.95939808
140.59000000,33.94520818
140.60000000,33.93102657
140.61000000,33.91685324
140.62000000,33.90268820
140.63000000,33.88853143
140.64000000,33.87438293
140.65000000,33.86024270
140.66000000,33.84611072
140.67000000,33.83198700
140.68000000,33.81787152
140.69000000,33.80376428
140.70000000,33.78966526
140.71000000,33.77557447
140.72000000,33.76149188
140.73000000,33.74741750
140.74000000,33.73335131
140.75000000,33.71929330
140.76000000,33.70524348
140.77000000,33.69120182
140.78000000,33.67716834
140.79000000,33.66314302
140.80000000,33.64912586
140.81000000,33.63511686
140.82000000,33.62111601
140.83000000,33.60712331
140.84000000,33.59313876
140.85000000,33.57916235
140.86000000,33.56519407
140.87000000,33.55123393
140.88000000,33.53728192
140.89000000,33.52333803
140.90000000,33.50940226
140.91000000,33.49547460
140.92000000,33.48155506
140.93000000,33.46764362
140.94000000,33.45374029
140.95000000,33.43984505
140.96000000,33.42595790
140.97000000,33.41207884
140.98000000,33.39820784
140.99000000,33.38434491
141.00000000,33.37049001
141.01000000,33.35664315
141.02000000,33.34280431
141.03000000,33.32897348
141.04000000,33.31515064
141.05000000,33.30133579
141.06000000,33.28752891
141.07000000,33.27373001
141.08000000,33.25993911
141.09000000,33.24615621
141.10000000,33.23238132
141.11000000,33.21861445
141.12000000,33.20485562
141.13000000,33.19110483
141.14000000,33.17736209
141.15000000,33.16362742
141.16000000,33.14990080
141.17000000,33.13618220
141.18000000,33.12247155
141.19000000,33.10876879
141.20000000,33.09507384
141.21000000,33.08138666
141.22000000,33.06770718
141.23000000,33.05403533
141.24000000,33.04037106
141.25000000,33.02671429
141.26000000,33.01306498
141.27000000,32.99942310
141.28000000,32.98578862
141.29000000,32.97216153
141.30000000,32.95854180
141.31000000,32.94492942
141.32000000,32.93132435
141.33000000,32.91772659
141.34000000,32.90413611
141.35000000,32.89055289
141.36000000,32.87697693
141.37000000,32.86340832
141.38000000,32.84984718
141.39000000,32.83629361
141.40000000,32.82274772
141.41000000,32.80920964
141.42000000,32.79567946
141.43000000,32.78215731
141.44000000,32.76864329
141.45000000,32.75513752
141.46000000,32.74164009
141.47000000,32.72815099
141.48000000,32.71467021
141.49000000,32.70119772
141.50000000,32.68773350
141.51000000,32.67427752
141.52000000,32.66082976
141.53000000,32.64739021
141.54000000,32.63395884
141.55000000,32.62053562
141.56000000,32.60712052
141.57000000,32.59371350
141.58000000,32.58031450
141.59000000,32.56692346
141.60000000,32.55354031
141.61000000,32.54016501
141.62000000,32.52679750
141.63000000,32.51343770
141.64000000,32.50008558
141.65000000,32.48674106
141.66000000,32.47340411
141.67000000,32.46007472
141.68000000,32.44675289
141.69000000,32.43343864
141.70000000,32.42013198
141.71000000,32.40683291
141.72000000,32.39354144
141.73000000,32.38025758
141.74000000,32.36698133
141.75000000,32.35371272
141.76000000,32.34045173
141.77000000,32.32719837
141.78000000,32.31395262
141.79000000,32.30071447
141.80000000,32.28748391
141.81000000,32.27426093
141.82000000,32.26104551
141.83000000,32.24783764
141.84000000,32.23463732
141.85000000,32.22144453
141.86000000,32.20825927
141.87000000,32.19508151
141.88000000,32.18191127
141.89000000,32.16874853
141.90000000,32.15559330
141.91000000,32.14244556
141.92000000,32.12930531
141.93000000,32.11617255
141.94000000,32.10304727
141.95000000,32.08992947
141.96000000,32.07681915
141.97000000,32.06371629
141.98000000,32.05062089
141.99000000,32.03753295
142.00000000,32.02445246
142.01000000,32.01137942
142.02000000,31.99831383
142.03000000,31.98525567
142.04000000,31.97220494
142.05000000,31.95916164
142.06000000,31.94612575
142.07000000,31.93309729
142.08000000,31.92007623
142.09000000,31.90706258
142.10000000,31.89405633
142.11000000,31.88105748
142.12000000,31.86806601
142.13000000,31.85508193
142.14000000,31.84210522
142.15000000,31.82913588
142.16000000,31.81617391
142.17000000,31.80321931
142.18000000,31.79027206
142.19000000,31.77733216
142.20000000,31.76439961
142.21000000,31.75147441
142.22000000,31.73855654
142.23000000,31.72564601
142.24000000,31.71274281
142.25000000,31.69984693
142.26000000,31.68695838
142.27000000,31.67407713
142.28000000,31.66120318
142.29000000,31.64833653
142.30000000,31.63547715
142.31000000,31.62262505
142.32000000,31.60978020
142.33000000,31.59694261
142.34000000,31.58411225
142.35000000,31.57128913
142.36000000,31.55847322
142.37000000,31.54566455
142.38000000,31.53286311
142.39000000,31.52006892
142.40000000,31.50728199
142.41000000,31.49450231
142.42000000,31.48172991
142.43000000,31.46896479
142.44000000,31.45620696
142.45000000,31.44345642
142.46000000,31.43071318
142.47000000,31.41797719
142.48000000,31.40524838
142.49000000,31.39252671
142.50000000,31.37981210
142.51000000,31.36710451
142.52000000,31.35440387
142.53000000,31.34171012
142.54000000,31.32902321
142.55000000,31.31634307
142.56000000,31.30366966
142.57000000,31.29100294
142.58000000,31.27834290
142.59000000,31.26568951
142.60000000,31.25304276
142.61000000,31.24040261
142.62000000,31.22776906
142.63000000,31.21514208
142.64000000,31.20252165
142.65000000,31.18990774
142.66000000,31.17730037
142.67000000,31.16469962
142.68000000,31.15210560
142.69000000,31.13951842
142.70000000,31.12693821
142.71000000,31.11436506
142.72000000,31.10179910
142.73000000,31.08924044
142.74000000,31.07668919
142.75000000,31.06414545
142.76000000,31.05160933
142.77000000,31.03908083
142.78000000,31.02655992
142.79000000,31.01404658
142.80000000,31.00154080
142.81000000,30.98904255
142.82000000,30.97655181
142.83000000,30.96406857
142.84000000,30.95159280
142.85000000,30.93912449
142.86000000,30.92666360
142.87000000,30.91421008
142.88000000,30.90176387
142.89000000,30.88932491
142.90000000,30.87689312
142.91000000,30.86446846
142.92000000,30.85205085
142.93000000,30.83964023
142.94000000,30.82723654
142.95000000,30.81483972
142.96000000,30.80244972
142.97000000,30.79006653
142.98000000,30.77769017
142.99000000,30.76532064
143.00000000,30.75295796
143.01000000,30.74060214
143.02000000,30.72825319
143.03000000,30.71591112
143.04000000,30.70357594
143.05000000,30.69124766
143.06000000,30.67892630
143.07000000,30.66661184
143.08000000,30.65430428
143.09000000,30.64200361
143.10000000,30.62970984
143.11000000,30.61742294
143.12000000,30.60514292
143.13000000,30.59286976
143.14000000,30.58060347
143.15000000,30.56834404
143.16000000,30.55609145
143.17000000,30.54384570
143.18000000,30.53160679
143.19000000,30.51937470
143.20000000,30.50714943
143.21000000,30.49493097
143.22000000,30.48271931
143.23000000,30.47051444
143.24000000,30.45831636
143.25000000,30.44612505
143.26000000,30.43394052
143.27000000,30.42176275
143.28000000,30.40959174
143.29000000,30.39742749
143.30000000,30.38526999
143.31000000,30.37311924
143.32000000,30.36097523
143.33000000,30.34883797
143.34000000,30.33670743
143.35000000,30.32458363
143.36000000,30.31246656
143.37000000,30.30035621
143.38000000,30.28825259
143.39000000,30.27615569
143.40000000,30.26406550
143.41000000,30.25198203
143.42000000,30.23990528
143.43000000,30.22783524
143.44000000,30.21577192
143.45000000,30.20371530
143.46000000,30.19166539
143.47000000,30.17962217
143.48000000,30.16758564
143.49000000,30.15555579
143.50000000,30.14353260
143.51000000,30.13151607
143.52000000,30.11950618
143.53000000,30.10750293
143.54000000,30.09550630
143.55000000,30.08351628
143.56000000,30.07153286
143.57000000,30.05955606
143.58000000,30.04758587
143.59000000,30.03562229
143.60000000,30.02366535
143.61000000,30.01171504
143.62000000,29.99977136
143.63000000,29.98783433
143.64000000,29.97590395
143.65000000,29.96398023
143.66000000,29.95206316
143.67000000,29.94015271
143.68000000,29.92824883
143.69000000,29.91635148
143.70000000,29.90446060
143.71000000,29.89257617
143.72000000,29.88069812
143.73000000,29.86882641
143.74000000,29.85696101
143.75000000,29.84510186
143.76000000,29.83324895
143.77000000,29.82140240
143.78000000,29.80956236
143.79000000,29.79772900
143.80000000,29.78590245
143.81000000,29.77408288
143.82000000,29.76227044
143.83000000,29.75046528
143.84000000,29.73866755
143.85000000,29.72687742
143.86000000,29.71509500
143.87000000,29.70332037
143.88000000,29.69155356
143.89000000,29.67979460
143.90000000,29.66804355
143.91000000,29.65630043
143.92000000,29.64456529
143.93000000,29.63283817
143.94000000,29.62111910
143.95000000,29.60940812
143.96000000,29.59770522
143.97000000,29.58601010
143.98000000,29.57432242
143.99000000,29.56264184
144.00000000,29.55096801
144.01000000,29.53930057
144.02000000,29.52763920
144.03000000,29.51598354
144.04000000,29.50433324
144.05000000,29.49268796
144.06000000,29.48104741
144.07000000,29.46941158
144.08000000,29.45778052
144.09000000,29.44615425
144.10000000,29.43453284
144.11000000,29.42291631
144.12000000,29.41130473
144.13000000,29.39969812
144.14000000,29.38809654
144.15000000,29.37650002
144.16000000,29.36490864
144.17000000,29.35332252
144.18000000,29.34174182
144.19000000,29.33016670
144.20000000,29.31859731
144.21000000,29.30703381
144.22000000,29.29547634
144.23000000,29.28392507
144.24000000,29.27238015
144.25000000,29.26084174
144.26000000,29.24930995
144.27000000,29.23778476
144.28000000,29.22626614
144.29000000,29.21475402
144.30000000,29.20324836
144.31000000,29.19174911
144.32000000,29.18025622
144.33000000,29.16876963
144.34000000,29.15728929
144.35000000,29.14581516
144.36000000,29.13434720
144.37000000,29.12288539
144.38000000,29.11142976
144.39000000,29.09998030
144.40000000,29.08853703
144.41000000,29.07709996
144.42000000,29.06566908
144.43000000,29.05424441
144.44000000,29.04282596
144.45000000,29.03141373
144.46000000,29.02000774
144.47000000,29.00860796
144.48000000,28.99721441
144.49000000,28.98582708
144.50000000,28.97444595
144.51000000,28.96307102
144.52000000,28.95170229
144.53000000,28.94033975
144.54000000,28.92898339
144.55000000,28.91763321
144.56000000,28.90628920
144.57000000,28.89495136
144.58000000,28.88361969
144.59000000,28.87229417
144.60000000,28.86097480
144.61000000,28.84966158
144.62000000,28.83835450
144.63000000,28.82705355
144.64000000,28.81575874
144.65000000,28.80447006
144.66000000,28.79318749
144.67000000,28.78191104
144.68000000,28.77064071
144.69000000,28.75937648
144.70000000,28.74811837
144.71000000,28.73686635
144.72000000,28.72562043
144.73000000,28.71438060
144.74000000,28.70314687
144.75000000,28.69191922
144.76000000,28.68069765
144.77000000,28.66948216
144.78000000,28.65827275
144.79000000,28.64706940
144.80000000,28.63587212
144.81000000,28.62468090
144.82000000,28.61349574
144.83000000,28.60231663
144.84000000,28.59114356
144.85000000,28.57997654
144.86000000,28.56881556
144.87000000,28.55766061
144.88000000,28.54651169
144.89000000,28.53536879
144.90000000,28.52423191
144.91000000,28.51310104
144.92000000,28.50197618
144.93000000,28.49085732
144.94000000,28.47974445
144.95000000,28.46863758
144.96000000,28.45753669
144.97000000,28.44644179
144.98000000,28.43535286
144.99000000,28.42426991
145.00000000,28.41319293
145.01000000,28.40212193
145.02000000,28.39105689
145.03000000,28.37999781
145.04000000,28.36894469
145.05000000,28.35789754
145.06000000,28.34685633
145.07000000,28.33582108
145.08000000,28.32479177
145.09000000,28.31376840
145.10000000,28.30275096
145.11000000,28.29173945
145.12000000,28.28073386
145.13000000,28.26973419
145.14000000,28.25874044
145.15000000,28.24775259
145.16000000,28.23677064
145.17000000,28.22579460
145.18000000,28.21482445
145.19000000,28.20386021
145.20000000,28.19290185
145.21000000,28.18194940
145.22000000,28.17100283
145.23000000,28.16006215
145.24000000,28.14912737
145.25000000,28.13819847
145.26000000,28.12727545
145.27000000,28.11635832
145.28000000,28.10544707
145.29000000,28.09454169
145.30000000,28.08364219
145.31000000,28.07274856
145.32000000,28.06186080
145.33000000,28.05097891
145.34000000,28.04010287
145.35000000,28.02923270
145.36000000,28.01836838
145.37000000,28.00750991
145.38000000,27.99665728
145.39000000,27.98581047
145.40000000,27.97496947
145.41000000,27.96413429
145.42000000,27.95330489
145.43000000,27.94248128
145.44000000,27.93166345
145.45000000,27.92085138
145.46000000,27.91004506
145.47000000,27.89924449
145.48000000,27.88844967
145.49000000,27.87766059
145.50000000,27.86687725
145.51000000,27.85609964
145.52000000,27.84532777
145.53000000,27.83456162
145.54000000,27.82380120
145.55000000,27.81304650
145.56000000,27.80229752
145.57000000,27.79155426
145.58000000,27.78081671
145.59000000,27.77008488
145.60000000,27.75935876
145.61000000,27.74863836
145.62000000,27.73792367
145.63000000,27.72721469
145.64000000,27.71651142
145.65000000,27.70581387
145.66000000,27.69512202
145.67000000,27.68443588
145.68000000,27.67375544
145.69000000,27.66308069
145.70000000,27.65241164
145.71000000,27.64174828
145.72000000,27.63109061
145.73000000,27.62043861
145.74000000,27.60979229
145.75000000,27.59915164
145.76000000,27.58851665
145.77000000,27.57788733
145.78000000,27.56726367
145.79000000,27.55664566
145.80000000,27.54603330
145.81000000,27.53542658
145.82000000,27.52482550
145.83000000,27.51423006
145.84000000,27.50364025
145.85000000,27.49305606
145.86000000,27.48247749
145.87000000,27.47190454
145.88000000,27.46133720
145.89000000,27.45077547
145.90000000,27.44021935
145.91000000,27.42966882
145.92000000,27.41912389
145.93000000,27.40858456
145.94000000,27.39805081
145.95000000,27.38752264
145.96000000,27.37700006
145.97000000,27.36648305
145.98000000,27.35597161
145.99000000,27.34546575
146.00000000,27.33496545
146.01000000,27.32447071
146.02000000,27.31398153
146.03000000,27.30349791
146.04000000,27.29301985
146.05000000,27.28254733
146.06000000,27.27208036
146.07000000,27.26161894
146.08000000,27.25116305
146.09000000,27.24071270
146.10000000,27.23026787
146.11000000,27.21982858
146.12000000,27.20939480
146.13000000,27.19896654
146.14000000,27.18854380
146.15000000,27.17812657
146.16000000,27.16771484
146.17000000,27.15730861
146.18000000,27.14690787
146.19000000,27.13651263
146.20000000,27.12612288
146.21000000,27.11573862
146.22000000,27.10535983
146.23000000,27.09498652
146.24000000,27.08461869
146.25000000,27.07425632
146.26000000,27.06389942
146.27000000,27.05354798
146.28000000,27.04320199
146.29000000,27.03286146
146.30000000,27.02252638
146.31000000,27.01219675
146.32000000,27.00187256
146.33000000,26.99155381
146.34000000,26.98124049
146.35000000,26.97093261
146.36000000,26.96063016
146.37000000,26.95033314
146.38000000,26.94004153
146.39000000,26.92975534
146.40000000,26.91947456
146.41000000,26.90919920
146.42000000,26.89892923
146.43000000,26.88866467
146.44000000,26.87840550
146.45000000,26.86815172
146.46000000,26.85790332
146.47000000,26.84766031
146.48000000,26.83742269
146.49000000,26.82719044
146.50000000,26.81696357
146.51000000,26.80674208
146.52000000,26.79652596
146.53000000,26.78631521
146.54000000,26.77610984
146.55000000,26.76590983
146.56000000,26.75571518
146.57000000,26.74552590
146.58000000,26.73534197
146.59000000,26.72516341
146.60000000,26.71499019
146.61000000,26.70482232
146.62000000,26.69465979
146.63000000,26.68450261
146.64000000,26.67435076
146.65000000,26.66420425
146.66000000,26.65406307
146.67000000,26.64392721
146.68000000,26.63379668
146.69000000,26.62367145
146.70000000,26.61355153
146.71000000,26.60343691
146.72000000,26.59332758
146.73000000,26.58322353
146.74000000,26.57312477
146.75000000,26.56303128
146.76000000,26.55294306
146.77000000,26.54286010
146.78000000,26.53278239
146.79000000,26.52270994
146.80000000,26.51264274
146.81000000,26.50258078
146.82000000,26.49252405
146.83000000,26.48247256
146.84000000,26.47242630
146.85000000,26.46238526
146.86000000,26.45234944
146.87000000,26.44231884
146.88000000,26.43229347
146.89000000,26.42227334
146.90000000,26.41225844
146.91000000,26.40224880
146.92000000,26.39224440
146.93000000,26.38224527
146.94000000,26.37225139
146.95000000,26.36226279
146.96000000,26.35227945
146.97000000,26.34230136
146.98000000,26.33232847
146.99000000,26.32236076
147.00000000,26.31239818
147.01000000,26.30244071
147.02000000,26.29248831
147.03000000,26.28254095
147.04000000,26.27259859
147.05000000,26.26266120
147.06000000,26.25272876
147.07000000,26.24280137
147.08000000,26.23287913
147.09000000,26.22296215
147.10000000,26.21305054
147.11000000,26.20314440
147.12000000,26.19324384
147.13000000,26.18334898
147.14000000,26.17345991
147.15000000,26.16357675
147.16000000,26.15369952
147.17000000,26.14382788
147.18000000,26.13396141
147.19000000,26.12409970
147.20000000,26.11424233
147.21000000,26.10438886
147.22000000,26.09453889
147.23000000,26.08469198
147.24000000,26.07484773
147.25000000,26.06500571
147.26000000,26.05516561
147.27000000,26.04532754
147.28000000,26.03549176
147.29000000,26.02565847
147.30000000,26.01582793
147.31000000,26.00600035
147.32000000,25.99617598
147.33000000,25.98635504
147.34000000,25.97653776
147.35000000,25.96672438
147.36000000,25.95691523
147.37000000,25.94711100
147.38000000,25.93731250
147.39000000,25.92752053
147.40000000,25.91773588
147.41000000,25.90795936
147.42000000,25.89819177
147.43000000,25.88843390
147.44000000,25.87868655
147.45000000,25.86895052
147.46000000,25.85922635
147.47000000,25.84951350
147.48000000,25.83981114
147.49000000,25.83011849
147.50000000,25.82043471
147.51000000,25.81075902
147.52000000,25.80109059
147.53000000,25.79142862
147.54000000,25.78177231
147.55000000,25.77212083
147.56000000,25.76247348
147.57000000,25.75282993
147.58000000,25.74318994
147.59000000,25.73355327
147.60000000,25.72391969
147.61000000,25.71428896
147.62000000,25.70466085
147.63000000,25.69503512
147.64000000,25.68541153
147.65000000,25.67578985
147.66000000,25.66616995
147.67000000,25.65655214
147.68000000,25.64693683
147.69000000,25.63732443
147.70000000,25.62771536
147.71000000,25.61811004
147.72000000,25.60850887
147.73000000,25.59891227
147.74000000,25.58932066
147.75000000,25.57973445
147.76000000,25.57015396
147.77000000,25.56057917
147.78000000,25.55100997
147.79000000,25.54144623
147.80000000,25.53188786
147.81000000,25.52233472
147.82000000,25.51278672
147.83000000,25.50324372
147.84000000,25.49370563
147.85000000,25.48417232
147.86000000,25.47464371
147.87000000,25.46511980
147.88000000,25.45560061
147.89000000,25.44608617
147.90000000,25.43657652
147.91000000,25.42707167
147.92000000,25.41757165
147.93000000,25.40807650
147.94000000,25.39858623
147.95000000,25.38910088
147.96000000,25.37962046
147.97000000,25.37014498
147.98000000,25.36067440
147.99000000,25.35120873
148.00000000,25.34174794
148.01000000,25.33229202
148.02000000,25.32284095
148.03000000,25.31339473
148.04000000,25.30395334
148.05000000,25.29451675
148.06000000,25.28508497
148.07000000,25.27565799
148.08000000,25.26623580
148.09000000,25.25681841
148.10000000,25.24740582
148.11000000,25.23799802
148.12000000,25.22859502
148.13000000,25.21919682
148.14000000,25.20980340
148.15000000,25.20041479
148.16000000,25.19103096
148.17000000,25.18165193
148.18000000,25.17227768
148.19000000,25.16290823
148.20000000,25.15354355
148.21000000,25.14418366
148.22000000,25.13482854
148.23000000,25.12547821
148.24000000,25.11613264
148.25000000,25.10679185
148.26000000,25.09745583
148.27000000,25.08812457
148.28000000,25.07879808
148.29000000,25.06947634
148.30000000,25.06015936
148.31000000,25.05084713
148.32000000,25.04153965
148.33000000,25.03223691
148.34000000,25.02293892
148.35000000,25.01364565
148.36000000,25.00435713
148.37000000,24.99507333
148.38000000,24.98579426
148.39000000,24.97651991
148.40000000,24.96725028
148.41000000,24.95798538
148.42000000,24.94872518
148.43000000,24.93946970
148.44000000,24.93021893
148.45000000,24.92097286
148.46000000,24.91173149
148.47000000,24.90249482
148.48000000,24.89326285
148.49000000,24.88403557
148.50000000,24.87481299
148.51000000,24.86559508
148.52000000,24.85638187
148.53000000,24.84717333
148.54000000,24.83796947
148.55000000,24.82877028
148.56000000,24.81957576
148.57000000,24.81038591
148.58000000,24.80120073
148.59000000,24.79202020
148.60000000,24.78284434
148.61000000,24.77367313
148.62000000,24.76450657
148.63000000,24.75534466
148.64000000,24.74618739
148.65000000,24.73703477
148.66000000,24.72788679
148.67000000,24.71874344
148.68000000,24.70960473
148.69000000,24.70047065
148.70000000,24.69134119
148.71000000,24.68221636
148.72000000,24.67309615
148.73000000,24.66398056
148.74000000,24.65486958
148.75000000,24.64576322
148.76000000,24.63666146
148.77000000,24.62756431
148.78000000,24.61847176
148.79000000,24.60938381
148.80000000,24.60030046
148.81000000,24.59122170
148.82000000,24.58214753
148.83000000,24.57307795
148.84000000,24.56401296
148.85000000,24.55495254
148.86000000,24.54589671
148.87000000,24.53684545
148.88000000,24.52779876
148.89000000,24.51875664
148.90000000,24.50971909
148.91000000,24.50068610
148.92000000,24.49165767
148.93000000,24.48263380
148.94000000,24.47361448
148.95000000,24.46459971
148.96000000,24.45558948
148.97000000,24.44658381
148.98000000,24.43758267
148.99000000,24.42858607
149.00000000,24.41959401
149.01000000,24.41060648
149.02000000,24.40162349
149.03000000,24.39264501
149.04000000,24.38367107
149.05000000,24.37470164
149.06000000,24.36573674
149.07000000,24.35677635
149.08000000,24.34782047
149.09000000,24.33886910
149.10000000,24.32992224
149.11000000,24.32097987
149.12000000,24.31204200
149.13000000,24.30310863
149.14000000,24.29417974
149.15000000,24.28525534
149.16000000,24.27633542
149.17000000,24.26741999
149.18000000,24.25850903
149.19000000,24.24960255
149.20000000,24.24070055
149.21000000,24.23180302
149.22000000,24.22290996
149.23000000,24.21402138
149.24000000,24.20513727
149.25000000,24.19625763
149.26000000,24.18738246
149.27000000,24.17851175
149.28000000,24.16964551
149.29000000,24.16078372
149.30000000,24.15192640
149.31000000,24.14307354
149.32000000,24.13422513
149.33000000,24.12538117
149.34000000,24.11654166
149.35000000,24.10770660
149.36000000,24.09887599
149.37000000,24.09004982
149.38000000,24.08122808
149.39000000,24.07241077
149.40000000,24.06359788
149.41000000,24.05478940
149.42000000,24.04598533
149.43000000,24.03718566
149.44000000,24.02839039
149.45000000,24.01959950
149.46000000,24.01081299
149.47000000,24.00203087
149.48000000,23.99325312
149.49000000,23.98447974
149.50000000,23.97571074
149.51000000,23.96694611
149.52000000,23.95818584
149.53000000,23.94942995
149.54000000,23.94067841
149.55000000,23.93193125
149.56000000,23.92318844
149.57000000,23.91444999
149.58000000,23.90571589
149.59000000,23.89698616
149.60000000,23.88826078
149.61000000,23.87953975
149.62000000,23.87082308
149.63000000,23.86211075
149.64000000,23.85340278
149.65000000,23.84469916
149.66000000,23.83599988
149.67000000,23.82730494
149.68000000,23.81861435
149.69000000,23.80992809
149.70000000,23.80124617
149.71000000,23.79256857
149.72000000,23.78389530
149.73000000,23.77522636
149.74000000,23.76656173
149.75000000,23.75790142
149.76000000,23.74924541
149.77000000,23.74059372
149.78000000,23.73194633
149.79000000,23.72330325
149.80000000,23.71466447
149.81000000,23.70602999
149.82000000,23.69739981
149.83000000,23.68877391
149.84000000,23.68015231
149.85000000,23.67153500
149.86000000,23.66292198
149.87000000,23.65431324
149.88000000,23.64570878
149.89000000,23.63710860
149.90000000,23.62851269
149.91000000,23.61992105
149.92000000,23.61133368
149.93000000,23.60275058
149.94000000,23.59417174
149.95000000,23.58559716
149.96000000,23.57702684
149.97000000,23.56846077
149.98000000,23.55989895
149.99000000,23.55134139
150.00000000,23.54278806
150.01000000,23.53423898
150.02000000,23.52569414
150.03000000,23.51715354
150.04000000,23.50861718
150.05000000,23.50008504
150.06000000,23.49155714
150.07000000,23.48303346
150.08000000,23.47451401
150.09000000,23.46599878
150.10000000,23.45748777
150.11000000,23.44898097
150.12000000,23.44047839
150.13000000,23.43198002
150.14000000,23.42348586
150.15000000,23.41499590
150.16000000,23.40651015
150.17000000,23.39802860
150.18000000,23.38955125
150.19000000,23.38107809
150.20000000,23.37260912
150.21000000,23.36414435
150.22000000,23.35568375
150.23000000,23.34722735
150.24000000,23.33877512
150.25000000,23.33032707
150.26000000,23.32188320
150.27000000,23.31344350
150.28000000,23.30500797
150.29000000,23.29657660
150.30000000,23.28814941
150.31000000,23.27972637
150.32000000,23.27130749
150.33000000,23.26289277
150.34000000,23.25448221
150.35000000,23.24607579
150.36000000,23.23767353
150.37000000,23.22927541
150.38000000,23.22088143
150.39000000,23.21249160
150.40000000,23.20410589
150.41000000,23.19572432
150.42000000,23.18734688
150.43000000,23.17897356
150.44000000,23.17060437
150.45000000,23.16223929
150.46000000,23.15387833
150.47000000,23.14552148
150.48000000,23.13716874
150.49000000,23.12882012
150.50000000,23.12047560
150.51000000,23.11213520
150.52000000,23.10379891
150.53000000,23.09546673
150.54000000,23.08713865
150.55000000,23.07881469
150.56000000,23.07049483
150.57000000,23.06217908
150.58000000,23.05386743
150.59000000,23.04555988
150.60000000,23.03725643
150.61000000,23.02895709
150.62000000,23.02066183
150.63000000,23.01237067
150.64000000,23.00408361
150.65000000,22.99580063
150.66000000,22.98752174
150.67000000,22.97924693
150.68000000,22.97097620
150.69000000,22.96270954
150.70000000,22.95444694
150.71000000,22.94618839
150.72000000,22.93793389
150.73000000,22.92968343
150.74000000,22.92143701
150.75000000,22.91319461
150.76000000,22.90495624
150.77000000,22.89672188
150.78000000,22.88849155
150.79000000,22.88026523
150.80000000,22.87204292
150.81000000,22.86382462
150.82000000,22.85561034
150.83000000,22.84740006
150.84000000,22.83919379
150.85000000,22.83099152
150.86000000,22.82279325
150.87000000,22.81459899
150.88000000,22.80640873
150.89000000,22.79822247
150.90000000,22.79004021
150.91000000,22.78186195
150.92000000,22.77368769
150.93000000,22.76551742
150.94000000,22.75735116
150.95000000,22.74918889
150.96000000,22.74103061
150.97000000,22.73287633
150.98000000,22.72472604
150.99000000,22.71657974
151.00000000,22.70843742
151.01000000,22.70029908
151.02000000,22.69216471
151.03000000,22.68403433
151.04000000,22.67590791
151.05000000,22.66778546
151.06000000,22.65966697
151.07000000,22.65155244
151.08000000,22.64344188
151.09000000,22.63533527
151.10000000,22.62723261
151.11000000,22.61913391
151.12000000,22.61103916
151.13000000,22.60294835
151.14000000,22.59486149
151.15000000,22.58677856
151.16000000,22.57869958
151.17000000,22.57062453
151.18000000,22.56255342
151.19000000,22.55448624
151.20000000,22.54642299
151.21000000,22.53836367
151.22000000,22.53030827
151.23000000,22.52225679
151.24000000,22.51420923
151.25000000,22.50616559
151.26000000,22.49812586
151.27000000,22.49009005
151.28000000,22.48205814
151.29000000,22.47403015
151.30000000,22.46600606
151.31000000,22.45798587
151.32000000,22.44996957
151.33000000,22.44195718
151.34000000,22.43394868
151.35000000,22.42594408
151.36000000,22.41794336
151.37000000,22.40994653
151.38000000,22.40195359
151.39000000,22.39396452
151.40000000,22.38597934
151.41000000,22.37799803
151.42000000,22.37002060
151.43000000,22.36204704
151.44000000,22.35407735
151.45000000,22.34611152
151.46000000,22.33814956
151.47000000,22.33019145
151.48000000,22.32223721
151.49000000,22.31428683
151.50000000,22.30634029
151.51000000,22.29839762
151.52000000,22.29045879
151.53000000,22.28252381
151.54000000,22.27459268
151.55000000,22.26666539
151.56000000,22.25874194
151.57000000,22.25082233
151.58000000,22.24290656
151.59000000,22.23499463
151.60000000,22.22708653
151.61000000,22.21918225
151.62000000,22.21128181
151.63000000,22.20338519
151.64000000,22.19549239
151.65000000,22.18760341
151.66000000,22.17971825
151.67000000,22.17183690
151.68000000,22.16395936
151.69000000,22.15608563
151.70000000,22.14821571
151.71000000,22.14034958
151.72000000,22.13248726
151.73000000,22.12462873
151.74000000,22.11677399
151.75000000,22.10892304
151.76000000,22.10107588
151.77000000,22.09323250
151.78000000,22.08539291
151.79000000,22.07755710
151.80000000,22.06972508
151.81000000,22.06189685
151.82000000,22.05407240
151.83000000,22.04625174
151.84000000,22.03843487
151.85000000,22.03062178
151.86000000,22.02281248
151.87000000,22.01500697
151.88000000,22.00720523
151.89000000,21.99940728
151.90000000,21.99161311
151.91000000,21.98382271
151.92000000,21.97603609
151.93000000,21.96825324
151.94000000,21.96047416
151.95000000,21.95269885
151.96000000,21.94492730
151.97000000,21.93715952
151.98000000,21.92939548
151.99000000,21.92163519
152.00000000,21.91387864
152.01000000,21.90612582
152.02000000,21.89837672
152.03000000,21.89063134
152.04000000,21.88288966
152.05000000,21.87515169
152.06000000,21.86741741
152.07000000,21.85968683
152.08000000,21.85195993
152.09000000,21.84423672
152.10000000,21.83651720
152.11000000,21.82880137
152.12000000,21.82108921
152.13000000,21.81338073
152.14000000,21.80567594
152.15000000,21.79797481
152.16000000,21.79027737
152.17000000,21.78258359
152.18000000,21.77489349
152.19000000,21.76720706
152.20000000,21.75952430
152.21000000,21.75184522
152.22000000,21.74416981
152.23000000,21.73649808
152.24000000,21.72883001
152.25000000,21.72116563
152.26000000,21.71350491
152.27000000,21.70584787
152.28000000,21.69819449
152.29000000,21.69054478
152.30000000,21.68289875
152.31000000,21.67525637
152.32000000,21.66761766
152.33000000,21.65998261
152.34000000,21.65235123
152.35000000,21.64472350
152.36000000,21.63709943
152.37000000,21.62947901
152.38000000,21.62186224
152.39000000,21.61424913
152.40000000,21.60663967
152.41000000,21.59903385
152.42000000,21.59143167
152.43000000,21.58383313
152.44000000,21.57623823
152.45000000,21.56864697
152.46000000,21.56105935
152.47000000,21.55347535
152.48000000,21.54589498
152.49000000,21.53831823
152.50000000,21.53074511
152.51000000,21.52317561
152.52000000,21.51560972
152.53000000,21.50804744
152.54000000,21.50048877
152.55000000,21.49293371
152.56000000,21.48538226
152.57000000,21.47783440
152.58000000,21.47029015
152.59000000,21.46274949
152.60000000,21.45521242
152.61000000,21.44767895
152.62000000,21.44014907
152.63000000,21.43262278
152.64000000,21.42510007
152.65000000,21.41758095
152.66000000,21.41006540
152.67000000,21.40255344
152.68000000,21.39504506
152.69000000,21.38754025
152.70000000,21.38003902
152.71000000,21.37254135
152.72000000,21.36504726
152.73000000,21.35755674
152.74000000,21.35006978
152.75000000,21.34258638
152.76000000,21.33510655
152.77000000,21.32763028
152.78000000,21.32015756
152.79000000,21.31268840
152.80000000,21.30522279
152.81000000,21.29776073
152.82000000,21.29030221
152.83000000,21.28284724
152.84000000,21.27539581
152.85000000,21.26794791
152.86000000,21.26050355
152.87000000,21.25306273
152.88000000,21.24562544
152.89000000,21.23819169
152.90000000,21.23076147
152.91000000,21.22333478
152.92000000,21.21591163
152.93000000,21.20849200
152.94000000,21.20107592
152.95000000,21.19366336
152.96000000,21.18625433
152.97000000,21.17884882
152.98000000,21.17144683
152.99000000,21.16404834
153.00000000,21.15665334
153.01000000,21.14926182
153.02000000,21.14187377
153.03000000,21.13448919
153.04000000,21.12710806
153.05000000,21.11973037
153.06000000,21.11235612
153.07000000,21.10498533
153.08000000,21.09761803
153.09000000,21.09025424
153.10000000,21.08289400
153.11000000,21.07553731
153.12000000,21.06818423
153.13000000,21.06083476
153.14000000,21.05348894
153.15000000,21.04614679
153.16000000,21.03880833
153.17000000,21.03147345
153.18000000,21.02414205
153.19000000,21.01681403
153.20000000,21.00948926
153.21000000,21.00216764
153.22000000,20.99484906
153.23000000,20.98753341
153.24000000,20.98022058
153.25000000,20.97291046
153.26000000,20.96560295
153.27000000,20.95829800
153.28000000,20.95099559
153.29000000,20.94369567
153.30000000,20.93639822
153.31000000,20.92910321
153.32000000,20.92181059
153.33000000,20.91452035
153.34000000,20.90723243
153.35000000,20.89994682
153.36000000,20.89266353
153.37000000,20.88538273
153.38000000,20.87810466
153.39000000,20.87082956
153.40000000,20.86355765
153.41000000,20.85628917
153.42000000,20.84902434
153.43000000,20.84176339
153.44000000,20.83450657
153.45000000,20.82725409
153.46000000,20.82000615
153.47000000,20.81276275
153.48000000,20.80552387
153.49000000,20.79828947
153.50000000,20.79105951
153.51000000,20.78383396
153.52000000,20.77661280
153.53000000,20.76939598
153.54000000,20.76218347
153.55000000,20.75497523
153.56000000,20.74777124
153.57000000,20.74057137
153.58000000,20.73337553
153.59000000,20.72618360
153.60000000,20.71899547
153.61000000,20.71181103
153.62000000,20.70463018
153.63000000,20.69745279
153.64000000,20.69027877
153.65000000,20.68310799
153.66000000,20.67594037
153.67000000,20.66877592
153.68000000,20.66161466
153.69000000,20.65445662
153.70000000,20.64730183
153.71000000,20.64015031
153.72000000,20.63300209
153.73000000,20.62585720
153.74000000,20.61871566
153.75000000,20.61157750
153.76000000,20.60444275
153.77000000,20.59731139
153.78000000,20.59018343
153.79000000,20.58305884
153.80000000,20.57593762
153.81000000,20.56881975
153.82000000,20.56170524
153.83000000,20.55459406
153.84000000,20.54748622
153.85000000,20.54038169
153.86000000,20.53328047
153.87000000,20.52618256
153.88000000,20.51908796
153.89000000,20.51199667
153.90000000,20.50490869
153.91000000,20.49782402
153.92000000,20.49074266
153.93000000,20.48366461
153.94000000,20.47658987
153.95000000,20.46951844
153.96000000,20.46245032
153.97000000,20.45538551
153.98000000,20.44832400
153.99000000,20.44126580
154.00000000,20.43421090
154.01000000,20.42715929
154.02000000,20.42011098
154.03000000,20.41306596
154.04000000,20.40602423
154.05000000,20.39898578
154.06000000,20.39195062
154.07000000,20.38491874
154.08000000,20.37789015
154.09000000,20.37086482
154.10000000,20.36384278
154.11000000,20.35682401
154.12000000,20.34980852
154.13000000,20.34279629
154.14000000,20.33578734
154.15000000,20.32878165
154.16000000,20.32177923
154.17000000,20.31478007
154.18000000,20.30778418
154.19000000,20.30079154
154.20000000,20.29380216
154.21000000,20.28681604
154.22000000,20.27983317
154.23000000,20.27285354
154.24000000,20.26587717
154.25000000,20.25890403
154.26000000,20.25193414
154.27000000,20.24496749
154.28000000,20.23800409
154.29000000,20.23104392
154.30000000,20.22408699
154.31000000,20.21713330
154.32000000,20.21018284
154.33000000,20.20323563
154.34000000,20.19629165
154.35000000,20.18935090
154.36000000,20.18241340
154.37000000,20.17547912
154.38000000,20.16854806
154.39000000,20.16162021
154.40000000,20.15469558
154.41000000,20.14777414
154.42000000,20.14085590
154.43000000,20.13394085
154.44000000,20.12702897
154.45000000,20.12012027
154.46000000,20.11321475
154.47000000,20.10631241
154.48000000,20.09941327
154.49000000,20.09251737
154.50000000,20.08562471
154.51000000,20.07873533
154.52000000,20.07184923
154.53000000,20.06496644
154.54000000,20.05808698
154.55000000,20.05121087
154.56000000,20.04433813
154.57000000,20.03746877
154.58000000,20.03060278
154.59000000,20.02374018
154.60000000,20.01688096
154.61000000,20.01002513
154.62000000,20.00317269
154.63000000,19.99632365
154.64000000,19.98947801
154.65000000,19.98263577
154.66000000,19.97579693
154.67000000,19.96896145
154.68000000,19.96212928
154.69000000,19.95530036
154.70000000,19.94847465
154.71000000,19.94165209
154.72000000,19.93483263
154.73000000,19.92801623
154.74000000,19.92120283
154.75000000,19.91439238
154.76000000,19.90758485
154.77000000,19.90078021
154.78000000,19.89397849
154.79000000,19.88717969
154.80000000,19.88038380
154.81000000,19.87359084
154.82000000,19.86680082
154.83000000,19.86001372
154.84000000,19.85322956
154.85000000,19.84644835
154.86000000,19.83967009
154.87000000,19.83289480
154.88000000,19.82612250
154.89000000,19.81935322
154.90000000,19.81258697
154.91000000,19.80582377
154.92000000,19.79906365
154.93000000,19.79230663
154.94000000,19.78555272
154.95000000,19.77880196
154.96000000,19.77205435
154.97000000,19.76530989
154.98000000,19.75856858
154.99000000,19.75183040
155.00000000,19.74509535
155.01000000,19.73836343
155.02000000,19.73163461
155.03000000,19.72490890
155.04000000,19.71818628
155.05000000,19.71146675
155.06000000,19.70475031
155.07000000,19.69803694
155.08000000,19.69132664
155.09000000,19.68461943
155.10000000,19.67791529
155.11000000,19.67121423
155.12000000,19.66451625
155.13000000,19.65782134
155.14000000,19.65112951
155.15000000,19.64444075
155.16000000,19.63775506
155.17000000,19.63107245
155.18000000,19.62439291
155.19000000,19.61771644
155.20000000,19.61104303
155.21000000,19.60437270
155.22000000,19.59770543
155.23000000,19.59104122
155.24000000,19.58438007
155.25000000,19.57772199
155.26000000,19.57106697
155.27000000,19.56441500
155.28000000,19.55776609
155.29000000,19.55112023
155.30000000,19.54447743
155.31000000,19.53783768
155.32000000,19.53120098
155.33000000,19.52456733
155.34000000,19.51793672
155.35000000,19.51130916
155.36000000,19.50468464
155.37000000,19.49806316
155.38000000,19.49144471
155.39000000,19.48482931
155.40000000,19.47821693
155.41000000,19.47160759
155.42000000,19.46500127
155.43000000,19.45839797
155.44000000,19.45179770
155.45000000,19.44520045
155.46000000,19.43860621
155.47000000,19.43201499
155.48000000,19.42542678
155.49000000,19.41884158
155.50000000,19.41225939
155.51000000,19.40568020
155.52000000,19.39910402
155.53000000,19.39253084
155.54000000,19.38596066
155.55000000,19.37939347
155.56000000,19.37282928
155.57000000,19.36626809
155.58000000,19.35970989
155.59000000,19.35315469
155.60000000,19.34660249
155.61000000,19.34005328
155.62000000,19.33350706
155.63000000,19.32696384
155.64000000,19.32042362
155.65000000,19.31388639
155.66000000,19.30735216
155.67000000,19.30082091
155.68000000,19.29429265
155.69000000,19.28776735
155.70000000,19.28124502
155.71000000,19.27472565
155.72000000,19.26820923
155.73000000,19.26169574
155.74000000,19.25518519
155.75000000,19.24867756
155.76000000,19.24217285
155.77000000,19.23567108
155.78000000,19.22917228
155.79000000,19.22267645
155.80000000,19.21618363
155.81000000,19.20969383
155.82000000,19.20320708
155.83000000,19.19672340
155.84000000,19.19024282
155.85000000,19.18376534
155.86000000,19.17729100
155.87000000,19.17081980
155.88000000,19.16435175
155.89000000,19.15788684
155.90000000,19.15142509
155.91000000,19.14496650
155.92000000,19.13851108
155.93000000,19.13205882
155.94000000,19.12560974
155.95000000,19.11916384
155.96000000,19.11272111
155.97000000,19.10628152
155.98000000,19.09984500
155.99000000,19.09341151
156.00000000,19.08698099
156.01000000,19.08055340
156.02000000,19.07412867
156.03000000,19.06770676
156.04000000,19.06128761
156.05000000,19.05487118
156.06000000,19.04845742
156.07000000,19.04204631
156.08000000,19.03563788
156.09000000,19.02923212
156.10000000,19.02282905
156.11000000,19.01642865
156.12000000,19.01003094
156.13000000,19.00363593
156.14000000,18.99724361
156.15000000,18.99085400
156.16000000,18.98446710
156.17000000,18.97808293
156.18000000,18.97170151
156.19000000,18.96532287
156.20000000,18.95894702
156.21000000,18.95257399
156.22000000,18.94620380
156.23000000,18.93983647
156.24000000,18.93347203
156.25000000,18.92711049
156.26000000,18.92075187
156.27000000,18.91439618
156.28000000,18.90804340
156.29000000,18.90169352
156.30000000,18.89534654
156.31000000,18.88900245
156.32000000,18.88266124
156.33000000,18.87632291
156.34000000,18.86998744
156.35000000,18.86365483
156.36000000,18.85732508
156.37000000,18.85099817
156.38000000,18.84467412
156.39000000,18.83835292
156.40000000,18.83203457
156.41000000,18.82571907
156.42000000,18.81940642
156.43000000,18.81309663
156.44000000,18.80678968
156.45000000,18.80048559
156.46000000,18.79418435
156.47000000,18.78788596
156.48000000,18.78159041
156.49000000,18.77529771
156.50000000,18.76900786
156.51000000,18.76272084
156.52000000,18.75643666
156.53000000,18.75015531
156.54000000,18.74387680
156.55000000,18.73760112
156.56000000,18.73132827
156.57000000,18.72505825
156.58000000,18.71879105
156.59000000,18.71252668
156.60000000,18.70626512
156.61000000,18.70000638
156.62000000,18.69375047
156.63000000,18.68749736
156.64000000,18.68124707
156.65000000,18.67499959
156.66000000,18.66875492
156.67000000,18.66251306
156.68000000,18.65627401
156.69000000,18.65003776
156.70000000,18.64380431
156.71000000,18.63757366
156.72000000,18.63134581
156.73000000,18.62512075
156.74000000,18.61889850
156.75000000,18.61267903
156.76000000,18.60646236
156.77000000,18.60024848
156.78000000,18.59403738
156.79000000,18.58782907
156.80000000,18.58162354
156.81000000,18.57542079
156.82000000,18.56922083
156.83000000,18.56302363
156.84000000,18.55682921
156.85000000,18.55063756
156.86000000,18.54444869
156.87000000,18.53826258
156.88000000,18.53207924
156.89000000,18.52589867
156.90000000,18.51972087
156.91000000,18.51354584
156.92000000,18.50737358
156.93000000,18.50120409
156.94000000,18.49503737
156.95000000,18.48887342
156.96000000,18.48271225
156.97000000,18.47655384
156.98000000,18.47039821
156.99000000,18.46424536
157.00000000,18.45809528
157.01000000,18.45194798
157.02000000,18.44580346
157.03000000,18.43966173
157.04000000,18.43352277
157.05000000,18.42738661
157.06000000,18.42125323
157.07000000,18.41512262
157.08000000,18.40899477
157.09000000,18.40286968
157.10000000,18.39674733
157.11000000,18.39062770
157.12000000,18.38451079
157.13000000,18.37839658
157.14000000,18.37228506
157.15000000,18.36617622
157.16000000,18.36007006
157.17000000,18.35396658
157.18000000,18.34786582
157.19000000,18.34176779
157.20000000,18.33567251
157.21000000,18.32958001
157.22000000,18.32349032
157.23000000,18.31740344
157.24000000,18.31131941
157.25000000,18.30523824
157.26000000,18.29915996
157.27000000,18.29308458
157.28000000,18.28701209
157.29000000,18.28094252
157.30000000,18.27487585
157.31000000,18.26881211
157.32000000,18.26275130
157.33000000,18.25669342
157.34000000,18.25063848
157.35000000,18.24458649
157.36000000,18.23853744
157.37000000,18.23249130
157.38000000,18.22644801
157.39000000,18.22040751
157.40000000,18.21436976
157.41000000,18.20833471
157.42000000,18.20230231
157.43000000,18.19627249
157.44000000,18.19024522
157.45000000,18.18422044
157.46000000,18.17819811
157.47000000,18.17217822
157.48000000,18.16616077
157.49000000,18.16014577
157.50000000,18.15413321
157.51000000,18.14812311
157.52000000,18.14211546
157.53000000,18.13611027
157.54000000,18.13010754
157.55000000,18.12410726
157.56000000,18.11810946
157.57000000,18.11211414
157.58000000,18.10612133
157.59000000,18.10013105
157.60000000,18.09414332
157.61000000,18.08815818
157.62000000,18.08217564
157.63000000,18.07619572
157.64000000,18.07021845
157.65000000,18.06424385
157.66000000,18.05827194
157.67000000,18.05230272
157.68000000,18.04633619
157.69000000,18.04037234
157.70000000,18.03441119
157.71000000,18.02845271
157.72000000,18.02249692
157.73000000,18.01654381
157.74000000,18.01059337
157.75000000,18.00464562
157.76000000,17.99870053
157.77000000,17.99275811
157.78000000,17.98681836
157.79000000,17.98088126
157.80000000,17.97494682
157.81000000,17.96901501
157.82000000,17.96308585
157.83000000,17.95715933
157.84000000,17.95123543
157.85000000,17.94531415
157.86000000,17.93939550
157.87000000,17.93347945
157.88000000,17.92756602
157.89000000,17.92165519
157.90000000,17.91574697
157.91000000,17.90984135
157.92000000,17.90393833
157.93000000,17.89803790
157.94000000,17.89214006
157.95000000,17.88624481
157.96000000,17.88035214
157.97000000,17.87446206
157.98000000,17.86857457
157.99000000,17.86268967
158.00000000,17.85680736
158.01000000,17.85092764
158.02000000,17.84505052
158.03000000,17.83917599
158.04000000,17.83330406
158.05000000,17.82743473
158.06000000,17.82156800
158.07000000,17.81570386
158.08000000,17.80984233
158.09000000,17.80398338
158.10000000,17.79812703
158.11000000,17.79227327
158.12000000,17.78642209
158.13000000,17.78057350
158.14000000,17.77472749
158.15000000,17.76888405
158.16000000,17.76304320
158.17000000,17.75720492
158.18000000,17.75136921
158.19000000,17.74553608
158.20000000,17.73970552
158.21000000,17.73387752
158.22000000,17.72805210
158.23000000,17.72222924
158.24000000,17.71640895
158.25000000,17.71059122
158.26000000,17.70477605
158.27000000,17.69896344
158.28000000,17.69315340
158.29000000,17.68734592
158.30000000,17.68154099
158.31000000,17.67573863
158.32000000,17.66993883
158.33000000,17.66414159
158.34000000,17.65834691
158.35000000,17.65255478
158.36000000,17.64676522
158.37000000,17.64097820
158.38000000,17.63519373
158.39000000,17.62941180
158.40000000,17.62363239
158.41000000,17.61785551
158.42000000,17.61208114
158.43000000,17.60630927
158.44000000,17.60053991
158.45000000,17.59477304
158.46000000,17.58900865
158.47000000,17.58324678
158.48000000,17.57748743
158.49000000,17.57173063
158.50000000,17.56597641
158.51000000,17.56022477
158.52000000,17.55447576
158.53000000,17.54872938
158.54000000,17.54298566
158.55000000,17.53724462
158.56000000,17.53150628
158.57000000,17.52577065
158.58000000,17.52003774
158.59000000,17.51430754
158.60000000,17.50858006
158.61000000,17.50285531
158.62000000,17.49713330
158.63000000,17.49141402
158.64000000,17.48569748
158.65000000,17.47998369
158.66000000,17.47427264
158.67000000,17.46856430
158.68000000,17.46285860
158.69000000,17.45715551
158.70000000,17.45145496
158.71000000,17.44575691
158.72000000,17.44006130
158.73000000,17.43436809
158.74000000,17.42867722
158.75000000,17.42298865
158.76000000,17.41730233
158.77000000,17.41161826
158.78000000,17.40593644
158.79000000,17.40025688
158.80000000,17.39457958
158.81000000,17.38890455
158.82000000,17.38323179
158.83000000,17.37756131
158.84000000,17.37189311
158.85000000,17.36622721
158.86000000,17.36056360
158.87000000,17.35490230
158.88000000,17.34924335
158.89000000,17.34358675
158.90000000,17.33793253
158.91000000,17.33228071
158.92000000,17.32663132
158.93000000,17.32098438
158.94000000,17.31533990
158.95000000,17.30969791
158.96000000,17.30405842
158.97000000,17.29842144
158.98000000,17.29278695
158.99000000,17.28715496
159.00000000,17.28152544
159.01000000,17.27589840
159.02000000,17.27027383
159.03000000,17.26465172
159.04000000,17.25903205
159.05000000,17.25341484
159.06000000,17.24780006
159.07000000,17.24218773
159.08000000,17.23657783
159.09000000,17.23097037
159.10000000,17.22536535
159.11000000,17.21976277
159.12000000,17.21416263
159.13000000,17.20856493
159.14000000,17.20296967
159.15000000,17.19737685
159.16000000,17.19178647
159.17000000,17.18619853
159.18000000,17.18061302
159.19000000,17.17502995
159.20000000,17.16944931
159.21000000,17.16387110
159.22000000,17.15829532
159.23000000,17.15272197
159.24000000,17.14715103
159.25000000,17.14158252
159.26000000,17.13601643
159.27000000,17.13045275
159.28000000,17.12489149
159.29000000,17.11933264
159.30000000,17.11377621
159.31000000,17.10822219
159.32000000,17.10267058
159.33000000,17.09712138
159.34000000,17.09157458
159.35000000,17.08603020
159.36000000,17.08048822
159.37000000,17.07494864
159.38000000,17.06941147
159.39000000,17.06387669
159.40000000,17.05834433
159.41000000,17.05281436
159.42000000,17.04728679
159.43000000,17.04176162
159.44000000,17.03623885
159.45000000,17.03071848
159.46000000,17.02520051
159.47000000,17.01968493
159.48000000,17.01417174
159.49000000,17.00866095
159.50000000,17.00315254
159.51000000,16.99764653
159.52000000,16.99214289
159.53000000,16.98664165
159.54000000,16.98114278
159.55000000,16.97564629
159.56000000,16.97015218
159.57000000,16.96466045
159.58000000,16.95917110
159.59000000,16.95368413
159.60000000,16.94819954
159.61000000,16.94271733
159.62000000,16.93723750
159.63000000,16.93176007
159.64000000,16.92628501
159.65000000,16.92081235
159.66000000,16.91534207
159.67000000,16.90987416
159.68000000,16.90440862
159.69000000,16.89894543
159.70000000,16.89348458
159.71000000,16.88802606
159.72000000,16.88256985
159.73000000,16.87711594
159.74000000,16.87166432
159.75000000,16.86621499
159.76000000,16.86076792
159.77000000,16.85532316
159.78000000,16.84988075
159.79000000,16.84444072
159.80000000,16.83900311
159.81000000,16.83356797
159.82000000,16.82813532
159.83000000,16.82270522
159.84000000,16.81727770
159.85000000,16.81185280
159.86000000,16.80643054
159.87000000,16.80101088
159.88000000,16.79559376
159.89000000,16.79017911
159.90000000,16.78476688
159.91000000,16.77935701
159.92000000,16.77394943
159.93000000,16.76854409
159.94000000,16.76314091
159.95000000,16.75773986
159.96000000,16.75234085
159.97000000,16.74694383
159.98000000,16.74154875
159.99000000,16.73615554
160.00000000,16.73076413
160.01000000,16.72537447
160.02000000,16.71998650
160.03000000,16.71460016
160.04000000,16.70921539
160.05000000,16.70383212
160.06000000,16.69845029
160.07000000,16.69306985
160.08000000,16.68769073
160.09000000,16.68231288
160.10000000,16.67693622
