mass,sigma
105.50000000,3.86296750
105.51000000,3.85822040
105.52000000,3.85347758
105.53000000,3.84873905
105.54000000,3.84400482
105.55000000,3.83927491
105.56000000,3.83454933
105.57000000,3.82982811
105.58000000,3.82511126
105.59000000,3.82039879
105.60000000,3.81569071
105.61000000,3.81098705
105.62000000,3.80628782
105.63000000,3.80159304
105.64000000,3.79690271
105.65000000,3.79221686
105.66000000,3.78753550
105.67000000,3.78285865
105.68000000,3.77818633
105.69000000,3.77351854
105.70000000,3.76885530
105.71000000,3.76419664
105.72000000,3.75954255
105.73000000,3.75489307
105.74000000,3.75024821
105.75000000,3.74560798
105.76000000,3.74097239
105.77000000,3.73634147
105.78000000,3.73171523
105.79000000,3.72709368
105.80000000,3.72247684
105.81000000,3.71786472
105.82000000,3.71325735
105.83000000,3.70865473
105.84000000,3.70405689
105.85000000,3.69946383
105.86000000,3.69487557
105.87000000,3.69029214
105.88000000,3.68571353
105.89000000,3.68113978
105.90000000,3.67657089
105.91000000,3.67200689
105.92000000,3.66744778
105.93000000,3.66289358
105.94000000,3.65834431
105.95000000,3.65379998
105.96000000,3.64926061
105.97000000,3.64472622
105.98000000,3.64019681
105.99000000,3.63567241
106.00000000,3.63115304
106.01000000,3.62663869
106.02000000,3.62212940
106.03000000,3.61762518
106.04000000,3.61312604
106.05000000,3.60863201
106.06000000,3.60414308
106.07000000,3.59965928
106.08000000,3.59518064
106.09000000,3.59070715
106.10000000,3.58623884
106.11000000,3.58177572
106.12000000,3.57731780
106.13000000,3.57286512
106.14000000,3.56841767
106.15000000,3.56397547
106.16000000,3.55953855
106.17000000,3.55510691
106.18000000,3.55068057
106.19000000,3.54625955
106.20000000,3.54184386
106.21000000,3.53743352
106.22000000,3.53302854
106.23000000,3.52862895
106.24000000,3.52423474
106.25000000,3.51984595
106.26000000,3.51546258
106.27000000,3.51108466
106.28000000,3.50671219
106.29000000,3.50234519
106.30000000,3.49798368
106.31000000,3.49362768
106.32000000,3.48927719
106.33000000,3.48493224
106.34000000,3.48059284
106.35000000,3.47625901
106.36000000,3.47193076
106.37000000,3.46760810
106.38000000,3.46329106
106.39000000,3.45897964
106.40000000,3.45467387
106.41000000,3.45037376
106.42000000,3.44607933
106.43000000,3.44179058
106.44000000,3.43750754
106.45000000,3.43323022
106.46000000,3.42895864
106.47000000,3.42469281
106.48000000,3.42043275
106.49000000,3.41617848
106.50000000,3.41193000
106.51000000,3.40768734
106.52000000,3.40345051
106.53000000,3.39921952
106.54000000,3.39499440
106.55000000,3.39077515
106.56000000,3.38656180
106.57000000,3.38235436
106.58000000,3.37815284
106.59000000,3.37395726
106.60000000,3.36976763
106.61000000,3.36558398
106.62000000,3.36140631
106.63000000,3.35723464
106.64000000,3.35306899
106.65000000,3.34890938
106.66000000,3.34475581
106.67000000,3.34060831
106.68000000,3.33646689
106.69000000,3.33233156
106.70000000,3.32820234
106.71000000,3.32407925
106.72000000,3.31996230
106.73000000,3.31585151
106.74000000,3.31174689
106.75000000,3.30764846
106.76000000,3.30355624
106.77000000,3.29947023
106.78000000,3.29539047
106.79000000,3.29131695
106.80000000,3.28724969
106.81000000,3.28318873
106.82000000,3.27913405
106.83000000,3.27508569
106.84000000,3.27104367
106.85000000,3.26700798
106.86000000,3.26297865
106.87000000,3.25895570
106.88000000,3.25493915
106.89000000,3.25092899
106.90000000,3.24692526
106.91000000,3.24292797
106.92000000,3.23893713
106.93000000,3.23495277
106.94000000,3.23097488
106.95000000,3.22700350
106.96000000,3.22303863
106.97000000,3.21908029
106.98000000,3.21512850
106.99000000,3.21118327
107.00000000,3.20724462
107.01000000,3.20331256
107.02000000,3.19938712
107.03000000,3.19546829
107.04000000,3.19155611
107.05000000,3.18765058
107.06000000,3.18375173
107.07000000,3.17985956
107.08000000,3.17597409
107.09000000,3.17209535
107.10000000,3.16822333
107.11000000,3.16435807
107.12000000,3.16049957
107.13000000,3.15664785
107.14000000,3.15280292
107.15000000,3.14896481
107.16000000,3.14513353
107.17000000,3.14130908
107.18000000,3.13749150
107.19000000,3.13368079
107.20000000,3.12987697
107.21000000,3.12608005
107.22000000,3.12229006
107.23000000,3.11850700
107.24000000,3.11473089
107.25000000,3.11096175
107.26000000,3.10719959
107.27000000,3.10344443
107.28000000,3.09969629
107.29000000,3.09595517
107.30000000,3.09222110
107.31000000,3.08849409
107.32000000,3.08477415
107.33000000,3.08106131
107.34000000,3.07735558
107.35000000,3.07365697
107.36000000,3.06996549
107.37000000,3.06628117
107.38000000,3.06260402
107.39000000,3.05893406
107.40000000,3.05527129
107.41000000,3.05161575
107.42000000,3.04796743
107.43000000,3.04432636
107.44000000,3.04069256
107.45000000,3.03706603
107.46000000,3.03344680
107.47000000,3.02983488
107.48000000,3.02623028
107.49000000,3.02263302
107.50000000,3.01904312
107.51000000,3.01546059
107.52000000,3.01188540
107.53000000,3.00831754
107.54000000,3.00475698
107.55000000,3.00120370
107.56000000,2.99765767
107.57000000,2.99411886
107.58000000,2.99058726
107.59000000,2.98706285
107.60000000,2.98354559
107.61000000,2.98003546
107.62000000,2.97653245
107.63000000,2.97303652
107.64000000,2.96954765
107.65000000,2.96606582
107.66000000,2.96259100
107.67000000,2.95912318
107.68000000,2.95566232
107.69000000,2.95220840
107.70000000,2.94876140
107.71000000,2.94532130
107.72000000,2.94188807
107.73000000,2.93846168
107.74000000,2.93504212
107.75000000,2.93162936
107.76000000,2.92822337
107.77000000,2.92482414
107.78000000,2.92143163
107.79000000,2.91804583
107.80000000,2.91466670
107.81000000,2.91129424
107.82000000,2.90792840
107.83000000,2.90456918
107.84000000,2.90121654
107.85000000,2.89787046
107.86000000,2.89453092
107.87000000,2.89119789
107.88000000,2.88787135
107.89000000,2.88455127
107.90000000,2.88123764
107.91000000,2.87793043
107.92000000,2.87462961
107.93000000,2.87133516
107.94000000,2.86804705
107.95000000,2.86476527
107.96000000,2.86148978
107.97000000,2.85822058
107.98000000,2.85495762
107.99000000,2.85170089
108.00000000,2.84845036
108.01000000,2.84520601
108.02000000,2.84196781
108.03000000,2.83873575
108.04000000,2.83550980
108.05000000,2.83228993
108.06000000,2.82907612
108.07000000,2.82586834
108.08000000,2.82266658
108.09000000,2.81947080
108.10000000,2.81628099
108.11000000,2.81309713
108.12000000,2.80991917
108.13000000,2.80674711
108.14000000,2.80358092
108.15000000,2.80042058
108.16000000,2.79726605
108.17000000,2.79411733
108.18000000,2.79097438
108.19000000,2.78783717
108.20000000,2.78470570
108.21000000,2.78157992
108.22000000,2.77845983
108.23000000,2.77534538
108.24000000,2.77223657
108.25000000,2.76913337
108.26000000,2.76603574
108.27000000,2.76294368
108.28000000,2.75985715
108.29000000,2.75677614
108.30000000,2.75370061
108.31000000,2.75063054
108.32000000,2.74756591
108.33000000,2.74450670
108.34000000,2.74145289
108.35000000,2.73840443
108.36000000,2.73536133
108.37000000,2.73232354
108.38000000,2.72929105
108.39000000,2.72626384
108.40000000,2.72324187
108.41000000,2.72022513
108.42000000,2.71721358
108.43000000,2.71420722
108.44000000,2.71120601
108.45000000,2.70820993
108.46000000,2.70521895
108.47000000,2.70223306
108.48000000,2.69925222
108.49000000,2.69627642
108.50000000,2.69330562
108.51000000,2.69033982
108.52000000,2.68737900
108.53000000,2.68442314
108.54000000,2.68147223
108.55000000,2.67852628
108.56000000,2.67558526
108.57000000,2.67264918
108.58000000,2.66971801
108.59000000,2.66679175
108.60000000,2.66387039
108.61000000,2.66095392
108.62000000,2.65804234
108.63000000,2.65513562
108.64000000,2.65223376
108.65000000,2.64933676
108.66000000,2.64644460
108.67000000,2.64355727
108.68000000,2.64067476
108.69000000,2.63779707
108.70000000,2.63492418
108.71000000,2.63205609
108.72000000,2.62919277
108.73000000,2.62633424
108.74000000,2.62348047
108.75000000,2.62063145
108.76000000,2.61778718
108.77000000,2.61494765
108.78000000,2.61211284
108.79000000,2.60928275
108.80000000,2.60645737
108.81000000,2.60363669
108.82000000,2.60082069
108.83000000,2.59800937
108.84000000,2.59520272
108.85000000,2.59240074
108.86000000,2.58960340
108.87000000,2.58681070
108.88000000,2.58402263
108.89000000,2.58123918
108.90000000,2.57846034
108.91000000,2.57568611
108.92000000,2.57291647
108.93000000,2.57015140
108.94000000,2.56739092
108.95000000,2.56463499
108.96000000,2.56188362
108.97000000,2.55913679
108.98000000,2.55639450
108.99000000,2.55365673
109.00000000,2.55092348
109.01000000,2.54819473
109.02000000,2.54547048
109.03000000,2.54275072
109.04000000,2.54003543
109.05000000,2.53732461
109.06000000,2.53461824
109.07000000,2.53191632
109.08000000,2.52921885
109.09000000,2.52652580
109.10000000,2.52383717
109.11000000,2.52115294
109.12000000,2.51847312
109.13000000,2.51579769
109.14000000,2.51312664
109.15000000,2.51045996
109.16000000,2.50779764
109.17000000,2.50513967
109.18000000,2.50248604
109.19000000,2.49983675
109.20000000,2.49719178
109.21000000,2.49455112
109.22000000,2.49191476
109.23000000,2.48928270
109.24000000,2.48665493
109.25000000,2.48403143
109.26000000,2.48141219
109.27000000,2.47879721
109.28000000,2.47618647
109.29000000,2.47357997
109.30000000,2.47097770
109.31000000,2.46837964
109.32000000,2.46578579
109.33000000,2.46319614
109.34000000,2.46061068
109.35000000,2.45802940
109.36000000,2.45545228
109.37000000,2.45287932
109.38000000,2.45031052
109.39000000,2.44774585
109.40000000,2.44518531
109.41000000,2.44262890
109.42000000,2.44007659
109.43000000,2.43752839
109.44000000,2.43498428
109.45000000,2.43244425
109.46000000,2.42990829
109.47000000,2.42737640
109.48000000,2.42484856
109.49000000,2.42232476
109.50000000,2.41980500
109.51000000,2.41728926
109.52000000,2.41477754
109.53000000,2.41226983
109.54000000,2.40976613
109.55000000,2.40726641
109.56000000,2.40477069
109.57000000,2.40227895
109.58000000,2.39979118
109.59000000,2.39730737
109.60000000,2.39482753
109.61000000,2.39235164
109.62000000,2.38987969
109.63000000,2.38741168
109.64000000,2.38494760
109.65000000,2.38248744
109.66000000,2.38003119
109.67000000,2.37757886
109.68000000,2.37513042
109.69000000,2.37268588
109.70000000,2.37024523
109.71000000,2.36780845
109.72000000,2.36537554
109.73000000,2.36294650
109.74000000,2.36052132
109.75000000,2.35809998
109.76000000,2.35568249
109.77000000,2.35326883
109.78000000,2.35085900
109.79000000,2.34845299
109.80000000,2.34605080
109.81000000,2.34365241
109.82000000,2.34125782
109.83000000,2.33886702
109.84000000,2.33648000
109.85000000,2.33409676
109.86000000,2.33171729
109.87000000,2.32934158
109.88000000,2.32696963
109.89000000,2.32460143
109.90000000,2.32223696
109.91000000,2.31987623
109.92000000,2.31751922
109.93000000,2.31516593
109.94000000,2.31281636
109.95000000,2.31047048
109.96000000,2.30812831
109.97000000,2.30578982
109.98000000,2.30345502
109.99000000,2.30112389
110.00000000,2.29879642
110.01000000,2.29647262
110.02000000,2.29415247
110.03000000,2.29183596
110.04000000,2.28952310
110.05000000,2.28721386
110.06000000,2.28490825
110.07000000,2.28260626
110.08000000,2.28030787
110.09000000,2.27801309
110.10000000,2.27572190
110.11000000,2.27343429
110.12000000,2.27115027
110.13000000,2.26886982
110.14000000,2.26659293
110.15000000,2.26431961
110.16000000,2.26204983
110.17000000,2.25978360
110.18000000,2.25752090
110.19000000,2.25526174
110.20000000,2.25300609
110.21000000,2.25075396
110.22000000,2.24850533
110.23000000,2.24626021
110.24000000,2.24401858
110.25000000,2.24178043
110.26000000,2.23954576
110.27000000,2.23731456
110.28000000,2.23508683
110.29000000,2.23286255
110.30000000,2.23064172
110.31000000,2.22842433
110.32000000,2.22621038
110.33000000,2.22399985
110.34000000,2.22179274
110.35000000,2.21958904
110.36000000,2.21738875
110.37000000,2.21519186
110.38000000,2.21299836
110.39000000,2.21080824
110.40000000,2.20862149
110.41000000,2.20643812
110.42000000,2.20425811
110.43000000,2.20208145
110.44000000,2.19990813
110.45000000,2.19773816
110.46000000,2.19557152
110.47000000,2.19340820
110.48000000,2.19124820
110.49000000,2.18909151
110.50000000,2.18693812
110.51000000,2.18478803
110.52000000,2.18264123
110.53000000,2.18049772
110.54000000,2.17835748
110.55000000,2.17622051
110.56000000,2.17408680
110.57000000,2.17195635
110.58000000,2.16982916
110.59000000,2.16770521
110.60000000,2.16558450
110.61000000,2.16346703
110.62000000,2.16135278
110.63000000,2.15924175
110.64000000,2.15713394
110.65000000,2.15502934
110.66000000,2.15292794
110.67000000,2.15082973
110.68000000,2.14873472
110.69000000,2.14664289
110.70000000,2.14455423
110.71000000,2.14246875
110.72000000,2.14038643
110.73000000,2.13830728
110.74000000,2.13623127
110.75000000,2.13415841
110.76000000,2.13208869
110.77000000,2.13002211
110.78000000,2.12795865
110.79000000,2.12589832
110.80000000,2.12384110
110.81000000,2.12178699
110.82000000,2.11973598
110.83000000,2.11768807
110.84000000,2.11564325
110.85000000,2.11360151
110.86000000,2.11156286
110.87000000,2.10952727
110.88000000,2.10749475
110.89000000,2.10546529
110.90000000,2.10343888
110.91000000,2.10141552
110.92000000,2.09939521
110.93000000,2.09737792
110.94000000,2.09536367
110.95000000,2.09335243
110.96000000,2.09134421
110.97000000,2.08933901
110.98000000,2.08733680
110.99000000,2.08533759
111.00000000,2.08334138
111.01000000,2.08134815
111.02000000,2.07935789
111.03000000,2.07737061
111.04000000,2.07538630
111.05000000,2.07340495
111.06000000,2.07142655
111.07000000,2.06945109
111.08000000,2.06747858
111.09000000,2.06550901
111.10000000,2.06354236
111.11000000,2.06157864
111.12000000,2.05961783
111.13000000,2.05765993
111.14000000,2.05570494
111.15000000,2.05375284
111.16000000,2.05180364
111.17000000,2.04985732
111.18000000,2.04791388
111.19000000,2.04597332
111.20000000,2.04403562
111.21000000,2.04210078
111.22000000,2.04016879
111.23000000,2.03823966
111.24000000,2.03631336
111.25000000,2.03438990
111.26000000,2.03246928
111.27000000,2.03055147
111.28000000,2.02863648
111.29000000,2.02672430
111.30000000,2.02481493
111.31000000,2.02290836
111.32000000,2.02100457
111.33000000,2.01910358
111.34000000,2.01720536
111.35000000,2.01530992
111.36000000,2.01341724
111.37000000,2.01152733
111.38000000,2.00964017
111.39000000,2.00775576
111.40000000,2.00587409
111.41000000,2.00399516
111.42000000,2.00211896
111.43000000,2.00024548
111.44000000,1.99837472
111.45000000,1.99650667
111.46000000,1.99464132
111.47000000,1.99277868
111.48000000,1.99091873
111.49000000,1.98906146
111.50000000,1.98720687
111.51000000,1.98535496
111.52000000,1.98350572
111.53000000,1.98165914
111.54000000,1.97981523
111.55000000,1.97797396
111.56000000,1.97613535
111.57000000,1.97429938
111.58000000,1.97246605
111.59000000,1.97063536
111.60000000,1.96880729
111.61000000,1.96698186
111.62000000,1.96515904
111.63000000,1.96333884
111.64000000,1.96152124
111.65000000,1.95970626
111.66000000,1.95789387
111.67000000,1.95608408
111.68000000,1.95427688
111.69000000,1.95247227
111.70000000,1.95067024
111.71000000,1.94887079
111.72000000,1.94707391
111.73000000,1.94527959
111.74000000,1.94348783
111.75000000,1.94169864
111.76000000,1.93991199
111.77000000,1.93812789
111.78000000,1.93634634
111.79000000,1.93456732
111.80000000,1.93279083
111.81000000,1.93101688
111.82000000,1.92924544
111.83000000,1.92747652
111.84000000,1.92571012
111.85000000,1.92394622
111.86000000,1.92218483
111.87000000,1.92042593
111.88000000,1.91866953
111.89000000,1.91691561
111.90000000,1.91516419
111.91000000,1.91341523
111.92000000,1.91166876
111.93000000,1.90992475
111.94000000,1.90818320
111.95000000,1.90644412
111.96000000,1.90470749
111.97000000,1.90297331
111.98000000,1.90124157
111.99000000,1.89951227
112.00000000,1.89778541
112.01000000,1.89606098
112.02000000,1.89433897
112.03000000,1.89261939
112.04000000,1.89090221
112.05000000,1.88918745
112.06000000,1.88747510
112.07000000,1.88576514
112.08000000,1.88405758
112.09000000,1.88235241
112.10000000,1.88064963
112.11000000,1.87894923
112.12000000,1.87725121
112.13000000,1.87555555
112.14000000,1.87386226
112.15000000,1.87217134
112.16000000,1.87048277
112.17000000,1.86879655
112.18000000,1.86711268
112.19000000,1.86543115
112.20000000,1.86375196
112.21000000,1.86207510
112.22000000,1.86040057
112.23000000,1.85872836
112.24000000,1.85705847
112.25000000,1.85539089
112.26000000,1.85372562
112.27000000,1.85206265
112.28000000,1.85040198
112.29000000,1.84874360
112.30000000,1.84708751
112.31000000,1.84543371
112.32000000,1.84378218
112.33000000,1.84213292
112.34000000,1.84048594
112.35000000,1.83884122
112.36000000,1.83719876
112.37000000,1.83555855
112.38000000,1.83392059
112.39000000,1.83228488
112.40000000,1.83065140
112.41000000,1.82902016
112.42000000,1.82739115
112.43000000,1.82576437
112.44000000,1.82413980
112.45000000,1.82251745
112.46000000,1.82089731
112.47000000,1.81927937
112.48000000,1.81766364
112.49000000,1.81605010
112.50000000,1.81443875
112.51000000,1.81282959
112.52000000,1.81122261
112.53000000,1.80961781
112.54000000,1.80801518
112.55000000,1.80641473
112.56000000,1.80481645
112.57000000,1.80322033
112.58000000,1.80162638
112.59000000,1.80003459
112.60000000,1.79844496
112.61000000,1.79685748
112.62000000,1.79527216
112.63000000,1.79368898
112.64000000,1.79210794
112.65000000,1.79052905
112.66000000,1.78895230
112.67000000,1.78737768
112.68000000,1.78580519
112.69000000,1.78423484
112.70000000,1.78266660
112.71000000,1.78110050
112.72000000,1.77953651
112.73000000,1.77797464
112.74000000,1.77641488
112.75000000,1.77485723
112.76000000,1.77330169
112.77000000,1.77174826
112.78000000,1.77019692
112.79000000,1.76864769
112.80000000,1.76710054
112.81000000,1.76555549
112.82000000,1.76401253
112.83000000,1.76247165
112.84000000,1.76093286
112.85000000,1.75939614
112.86000000,1.75786150
112.87000000,1.75632894
112.88000000,1.75479844
112.89000000,1.75327001
112.90000000,1.75174364
112.91000000,1.75021933
112.92000000,1.74869708
112.93000000,1.74717689
112.94000000,1.74565874
112.95000000,1.74414264
112.96000000,1.74262859
112.97000000,1.74111657
112.98000000,1.73960660
112.99000000,1.73809866
113.00000000,1.73659275
113.01000000,1.73508888
113.02000000,1.73358702
113.03000000,1.73208719
113.04000000,1.73058938
113.05000000,1.72909359
113.06000000,1.72759981
113.07000000,1.72610803
113.08000000,1.72461827
113.09000000,1.72313051
113.10000000,1.72164475
113.11000000,1.72016098
113.12000000,1.71867922
113.13000000,1.71719944
113.14000000,1.71572165
113.15000000,1.71424584
113.16000000,1.71277202
113.17000000,1.71130018
113.18000000,1.70983031
113.19000000,1.70836241
113.20000000,1.70689648
113.21000000,1.70543252
113.22000000,1.70397052
113.23000000,1.70251048
113.24000000,1.70105240
113.25000000,1.69959627
113.26000000,1.69814209
113.27000000,1.69668986
113.28000000,1.69523958
113.29000000,1.69379123
113.30000000,1.69234482
113.31000000,1.69090035
113.32000000,1.68945780
113.33000000,1.68801719
113.34000000,1.68657850
113.35000000,1.68514173
113.36000000,1.68370689
113.37000000,1.68227395
113.38000000,1.68084294
113.39000000,1.67941383
113.40000000,1.67798662
113.41000000,1.67656132
113.42000000,1.67513792
113.43000000,1.67371642
113.44000000,1.67229681
113.45000000,1.67087909
113.46000000,1.66946326
113.47000000,1.66804931
113.48000000,1.66663725
113.49000000,1.66522706
113.50000000,1.66381875
113.51000000,1.66241231
113.52000000,1.66100774
113.53000000,1.65960503
113.54000000,1.65820418
113.55000000,1.65680519
113.56000000,1.65540806
113.57000000,1.65401277
113.58000000,1.65261933
113.59000000,1.65122773
113.60000000,1.64983797
113.61000000,1.64845004
113.62000000,1.64706394
113.63000000,1.64567967
113.64000000,1.64429723
113.65000000,1.64291660
113.66000000,1.64153779
113.67000000,1.64016079
113.68000000,1.63878560
113.69000000,1.63741222
113.70000000,1.63604063
113.71000000,1.63467085
113.72000000,1.63330285
113.73000000,1.63193665
113.74000000,1.63057223
113.75000000,1.62920960
113.76000000,1.62784874
113.77000000,1.62648966
113.78000000,1.62513234
113.79000000,1.62377680
113.80000000,1.62242302
113.81000000,1.62107100
113.82000000,1.61972074
113.83000000,1.61837222
113.84000000,1.61702546
113.85000000,1.61568044
113.86000000,1.61433716
113.87000000,1.61299562
113.88000000,1.61165582
113.89000000,1.61031774
113.90000000,1.60898139
113.91000000,1.60764676
113.92000000,1.60631385
113.93000000,1.60498266
113.94000000,1.60365318
113.95000000,1.60232540
113.96000000,1.60099933
113.97000000,1.59967496
113.98000000,1.59835228
113.99000000,1.59703130
114.00000000,1.59571201
114.01000000,1.59439440
114.02000000,1.59307847
114.03000000,1.59176422
114.04000000,1.59045165
114.05000000,1.58914074
114.06000000,1.58783151
114.07000000,1.58652393
114.08000000,1.58521801
114.09000000,1.58391375
114.10000000,1.58261114
114.11000000,1.58131018
114.12000000,1.58001086
114.13000000,1.57871318
114.14000000,1.57741714
114.15000000,1.57612273
114.16000000,1.57482996
114.17000000,1.57353880
114.18000000,1.57224927
114.19000000,1.57096136
114.20000000,1.56967505
114.21000000,1.56839037
114.22000000,1.56710728
114.23000000,1.56582580
114.24000000,1.56454592
114.25000000,1.56326764
114.26000000,1.56199094
114.27000000,1.56071584
114.28000000,1.55944232
114.29000000,1.55817038
114.30000000,1.55690001
114.31000000,1.55563122
114.32000000,1.55436400
114.33000000,1.55309835
114.34000000,1.55183425
114.35000000,1.55057172
114.36000000,1.54931074
114.37000000,1.54805131
114.38000000,1.54679342
114.39000000,1.54553708
114.40000000,1.54428228
114.41000000,1.54302902
114.42000000,1.54177728
114.43000000,1.54052708
114.44000000,1.53927840
114.45000000,1.53803124
114.46000000,1.53678560
114.47000000,1.53554147
114.48000000,1.53429885
114.49000000,1.53305774
114.50000000,1.53181812
114.51000000,1.53058001
114.52000000,1.52934340
114.53000000,1.52810827
114.54000000,1.52687464
114.55000000,1.52564249
114.56000000,1.52441183
114.57000000,1.52318266
114.58000000,1.52195496
114.59000000,1.52072874
114.60000000,1.51950399
114.61000000,1.51828072
114.62000000,1.51705892
114.63000000,1.51583858
114.64000000,1.51461971
114.65000000,1.51340230
114.66000000,1.51218635
114.67000000,1.51097185
114.68000000,1.50975881
114.69000000,1.50854722
114.70000000,1.50733708
114.71000000,1.50612838
114.72000000,1.50492113
114.73000000,1.50371532
114.74000000,1.50251094
114.75000000,1.50130801
114.76000000,1.50010650
114.77000000,1.49890642
114.78000000,1.49770778
114.79000000,1.49651055
114.80000000,1.49531475
114.81000000,1.49412037
114.82000000,1.49292740
114.83000000,1.49173585
114.84000000,1.49054572
114.85000000,1.48935699
114.86000000,1.48816966
114.87000000,1.48698374
114.88000000,1.48579923
114.89000000,1.48461611
114.90000000,1.48343438
114.91000000,1.48225405
114.92000000,1.48107511
114.93000000,1.47989756
114.94000000,1.47872140
114.95000000,1.47754661
114.96000000,1.47637321
114.97000000,1.47520119
114.98000000,1.47403054
114.99000000,1.47286126
115.00000000,1.47169335
115.01000000,1.47052681
115.02000000,1.46936163
115.03000000,1.46819782
115.04000000,1.46703536
115.05000000,1.46587426
115.06000000,1.46471452
115.07000000,1.46355612
115.08000000,1.46239908
115.09000000,1.46124338
115.10000000,1.46008902
115.11000000,1.45893601
115.12000000,1.45778433
115.13000000,1.45663399
115.14000000,1.45548498
115.15000000,1.45433730
115.16000000,1.45319095
115.17000000,1.45204593
115.18000000,1.45090223
115.19000000,1.44975984
115.20000000,1.44861878
115.21000000,1.44747903
115.22000000,1.44634059
115.23000000,1.44520346
115.24000000,1.44406763
115.25000000,1.44293311
115.26000000,1.44179989
115.27000000,1.44066798
115.28000000,1.43953735
115.29000000,1.43840802
115.30000000,1.43727998
115.31000000,1.43615323
115.32000000,1.43502777
115.33000000,1.43390359
115.34000000,1.43278069
115.35000000,1.43165906
115.36000000,1.43053871
115.37000000,1.42941964
115.38000000,1.42830183
115.39000000,1.42718529
115.40000000,1.42607002
115.41000000,1.42495600
115.42000000,1.42384325
115.43000000,1.42273176
115.44000000,1.42162151
115.45000000,1.42051252
115.46000000,1.41940478
115.47000000,1.41829829
115.48000000,1.41719303
115.49000000,1.41608902
115.50000000,1.41498625
115.51000000,1.41388471
115.52000000,1.41278441
115.53000000,1.41168534
115.54000000,1.41058751
115.55000000,1.40949091
115.56000000,1.40839553
115.57000000,1.40730139
115.58000000,1.40620848
115.59000000,1.40511679
115.60000000,1.40402634
115.61000000,1.40293711
115.62000000,1.40184910
115.63000000,1.40076232
115.64000000,1.39967676
115.65000000,1.39859243
115.66000000,1.39750931
115.67000000,1.39642742
115.68000000,1.39534675
115.69000000,1.39426729
115.70000000,1.39318906
115.71000000,1.39211204
115.72000000,1.39103624
115.73000000,1.38996165
115.74000000,1.38888828
115.75000000,1.38781611
115.76000000,1.38674517
115.77000000,1.38567543
115.78000000,1.38460690
115.79000000,1.38353959
115.80000000,1.38247348
115.81000000,1.38140858
115.82000000,1.38034488
115.83000000,1.37928239
115.84000000,1.37822111
115.85000000,1.37716103
115.86000000,1.37610215
115.87000000,1.37504448
115.88000000,1.37398800
115.89000000,1.37293273
115.90000000,1.37187866
115.91000000,1.37082578
115.92000000,1.36977410
115.93000000,1.36872362
115.94000000,1.36767433
115.95000000,1.36662624
115.96000000,1.36557934
115.97000000,1.36453363
115.98000000,1.36348911
115.99000000,1.36244579
116.00000000,1.36140365
116.01000000,1.36036271
116.02000000,1.35932295
116.03000000,1.35828438
116.04000000,1.35724699
116.05000000,1.35621079
116.06000000,1.35517578
116.07000000,1.35414194
116.08000000,1.35310929
116.09000000,1.35207782
116.10000000,1.35104753
116.11000000,1.35001842
116.12000000,1.34899049
116.13000000,1.34796374
116.14000000,1.34693816
116.15000000,1.34591376
116.16000000,1.34489054
116.17000000,1.34386848
116.18000000,1.34284760
116.19000000,1.34182790
116.20000000,1.34080936
116.21000000,1.33979199
116.22000000,1.33877580
116.23000000,1.33776077
116.24000000,1.33674690
116.25000000,1.33573421
116.26000000,1.33472268
116.27000000,1.33371231
116.28000000,1.33270311
116.29000000,1.33169507
116.30000000,1.33068819
116.31000000,1.32968247
116.32000000,1.32867792
116.33000000,1.32767452
116.34000000,1.32667228
116.35000000,1.32567119
116.36000000,1.32467126
116.37000000,1.32367249
116.38000000,1.32267487
116.39000000,1.32167841
116.40000000,1.32068309
116.41000000,1.31968893
116.42000000,1.31869592
116.43000000,1.31770406
116.44000000,1.31671334
116.45000000,1.31572378
116.46000000,1.31473536
116.47000000,1.31374808
116.48000000,1.31276195
116.49000000,1.31177697
116.50000000,1.31079312
116.51000000,1.30981042
116.52000000,1.30882886
116.53000000,1.30784844
116.54000000,1.30686916
116.55000000,1.30589101
116.56000000,1.30491399
116.57000000,1.30393811
116.58000000,1.30296336
116.59000000,1.30198973
116.60000000,1.30101724
116.61000000,1.30004587
116.62000000,1.29907562
116.63000000,1.29810650
116.64000000,1.29713850
116.65000000,1.29617162
116.66000000,1.29520585
116.67000000,1.29424121
116.68000000,1.29327767
116.69000000,1.29231525
116.70000000,1.29135394
116.71000000,1.29039375
116.72000000,1.28943466
116.73000000,1.28847667
116.74000000,1.28751979
116.75000000,1.28656402
116.76000000,1.28560935
116.77000000,1.28465577
116.78000000,1.28370330
116.79000000,1.28275192
116.80000000,1.28180164
116.81000000,1.28085245
116.82000000,1.27990436
116.83000000,1.27895735
116.84000000,1.27801144
116.85000000,1.27706661
116.86000000,1.27612287
116.87000000,1.27518021
116.88000000,1.27423863
116.89000000,1.27329814
116.90000000,1.27235873
116.91000000,1.27142039
116.92000000,1.27048313
116.93000000,1.26954694
116.94000000,1.26861183
116.95000000,1.26767779
116.96000000,1.26674482
116.97000000,1.26581292
116.98000000,1.26488208
116.99000000,1.26395231
117.00000000,1.26302360
117.01000000,1.26209595
117.02000000,1.26116937
117.03000000,1.26024384
117.04000000,1.25931937
117.05000000,1.25839596
117.06000000,1.25747360
117.07000000,1.25655229
117.08000000,1.25563203
117.09000000,1.25471282
117.10000000,1.25379466
117.11000000,1.25287755
117.12000000,1.25196147
117.13000000,1.25104645
117.14000000,1.25013246
117.15000000,1.24921951
117.16000000,1.24830760
117.17000000,1.24739673
117.18000000,1.24648689
117.19000000,1.24557808
117.20000000,1.24467031
117.21000000,1.24376356
117.22000000,1.24285785
117.23000000,1.24195316
117.24000000,1.24104949
117.25000000,1.24014685
117.26000000,1.23924523
117.27000000,1.23834463
117.28000000,1.23744505
117.29000000,1.23654649
117.30000000,1.23564894
117.31000000,1.23475240
117.32000000,1.23385688
117.33000000,1.23296237
117.34000000,1.23206887
117.35000000,1.23117637
117.36000000,1.23028488
117.37000000,1.22939440
117.38000000,1.22850492
117.39000000,1.22761643
117.40000000,1.22672895
117.41000000,1.22584247
117.42000000,1.22495698
117.43000000,1.22407249
117.44000000,1.22318899
117.45000000,1.22230648
117.46000000,1.22142496
117.47000000,1.22054443
117.48000000,1.21966488
117.49000000,1.21878633
117.50000000,1.21790875
117.51000000,1.21703216
117.52000000,1.21615654
117.53000000,1.21528191
117.54000000,1.21440825
117.55000000,1.21353556
117.56000000,1.21266385
117.57000000,1.21179311
117.58000000,1.21092333
117.59000000,1.21005453
117.60000000,1.20918669
117.61000000,1.20831981
117.62000000,1.20745389
117.63000000,1.20658893
117.64000000,1.20572493
117.65000000,1.20486189
117.66000000,1.20399980
117.67000000,1.20313866
117.68000000,1.20227847
117.69000000,1.20141924
117.70000000,1.20056094
117.71000000,1.19970359
117.72000000,1.19884719
117.73000000,1.19799172
117.74000000,1.19713720
117.75000000,1.19628361
117.76000000,1.19543096
117.77000000,1.19457924
117.78000000,1.19372845
117.79000000,1.19287859
117.80000000,1.19202966
117.81000000,1.19118166
117.82000000,1.19033458
117.83000000,1.18948842
117.84000000,1.18864318
117.85000000,1.18779886
117.86000000,1.18695546
117.87000000,1.18611297
117.88000000,1.18527140
117.89000000,1.18443074
117.90000000,1.18359098
117.91000000,1.18275214
117.92000000,1.18191420
117.93000000,1.18107716
117.94000000,1.18024103
117.95000000,1.17940579
117.96000000,1.17857145
117.97000000,1.17773801
117.98000000,1.17690547
117.99000000,1.17607381
118.00000000,1.17524305
118.01000000,1.17441317
118.02000000,1.17358419
118.03000000,1.17275609
118.04000000,1.17192887
118.05000000,1.17110253
118.06000000,1.17027707
118.07000000,1.16945249
118.08000000,1.16862879
118.09000000,1.16780596
118.10000000,1.16698400
118.11000000,1.16616291
118.12000000,1.16534269
118.13000000,1.16452334
118.14000000,1.16370485
118.15000000,1.16288722
118.16000000,1.16207046
118.17000000,1.16125455
118.18000000,1.16043950
118.19000000,1.15962531
118.20000000,1.15881197
118.21000000,1.15799948
118.22000000,1.15718784
118.23000000,1.15637705
118.24000000,1.15556711
118.25000000,1.15475801
118.26000000,1.15394975
118.27000000,1.15314234
118.28000000,1.15233576
118.29000000,1.15153001
118.30000000,1.15072511
118.31000000,1.14992103
118.32000000,1.14911779
118.33000000,1.14831538
118.34000000,1.14751379
118.35000000,1.14671303
118.36000000,1.14591310
118.37000000,1.14511398
118.38000000,1.14431569
118.39000000,1.14351821
118.40000000,1.14272155
118.41000000,1.14192570
118.42000000,1.14113067
118.43000000,1.14033645
118.44000000,1.13954304
118.45000000,1.13875043
118.46000000,1.13795863
118.47000000,1.13716763
118.48000000,1.13637743
118.49000000,1.13558804
118.50000000,1.13479944
118.51000000,1.13401163
118.52000000,1.13322463
118.53000000,1.13243841
118.54000000,1.13165300
118.55000000,1.13086837
118.56000000,1.13008454
118.57000000,1.12930151
118.58000000,1.12851927
118.59000000,1.12773782
118.60000000,1.12695716
118.61000000,1.12617729
118.62000000,1.12539822
118.63000000,1.12461994
118.64000000,1.12384245
118.65000000,1.12306575
118.66000000,1.12228984
118.67000000,1.12151472
118.68000000,1.12074039
118.69000000,1.11996684
118.70000000,1.11919409
118.71000000,1.11842213
118.72000000,1.11765095
118.73000000,1.11688056
118.74000000,1.11611096
118.75000000,1.11534214
118.76000000,1.11457412
118.77000000,1.11380687
118.78000000,1.11304042
118.79000000,1.11227475
118.80000000,1.11150986
118.81000000,1.11074576
118.82000000,1.10998244
118.83000000,1.10921991
118.84000000,1.10845816
118.85000000,1.10769719
118.86000000,1.10693701
118.87000000,1.10617760
118.88000000,1.10541898
118.89000000,1.10466115
118.90000000,1.10390409
118.91000000,1.10314781
118.92000000,1.10239232
118.93000000,1.10163760
118.94000000,1.10088367
118.95000000,1.10013051
118.96000000,1.09937813
118.97000000,1.09862653
118.98000000,1.09787571
118.99000000,1.09712567
119.00000000,1.09637641
119.01000000,1.09562792
119.02000000,1.09488021
119.03000000,1.09413327
119.04000000,1.09338711
119.05000000,1.09264173
119.06000000,1.09189712
119.07000000,1.09115329
119.08000000,1.09041023
119.09000000,1.08966795
119.10000000,1.08892644
119.11000000,1.08818570
119.12000000,1.08744574
119.13000000,1.08670654
119.14000000,1.08596812
119.15000000,1.08523048
119.16000000,1.08449360
119.17000000,1.08375750
119.18000000,1.08302216
119.19000000,1.08228760
119.20000000,1.08155380
119.21000000,1.08082078
119.22000000,1.08008853
119.23000000,1.07935704
119.24000000,1.07862632
119.25000000,1.07789637
119.26000000,1.07716719
119.27000000,1.07643878
119.28000000,1.07571113
119.29000000,1.07498425
119.30000000,1.07425814
119.31000000,1.07353279
119.32000000,1.07280820
119.33000000,1.07208439
119.34000000,1.07136133
119.35000000,1.07063904
119.36000000,1.06991752
119.37000000,1.06919676
119.38000000,1.06847676
119.39000000,1.06775753
119.40000000,1.06703905
119.41000000,1.06632134
119.42000000,1.06560440
119.43000000,1.06488821
119.44000000,1.06417278
119.45000000,1.06345812
119.46000000,1.06274421
119.47000000,1.06203107
119.48000000,1.06131868
119.49000000,1.06060706
119.50000000,1.05989619
119.51000000,1.05918608
119.52000000,1.05847673
119.53000000,1.05776813
119.54000000,1.05706029
119.55000000,1.05635321
119.56000000,1.05564688
119.57000000,1.05494130
119.58000000,1.05423647
119.59000000,1.05353240
119.60000000,1.05282908
119.61000000,1.05212650
119.62000000,1.05142468
119.63000000,1.05072360
119.64000000,1.05002328
119.65000000,1.04932369
119.66000000,1.04862486
119.67000000,1.04792676
119.68000000,1.04722941
119.69000000,1.04653281
119.70000000,1.04583694
119.71000000,1.04514182
119.72000000,1.04444744
119.73000000,1.04375379
119.74000000,1.04306089
119.75000000,1.04236872
119.76000000,1.04167729
119.77000000,1.04098660
119.78000000,1.04029664
119.79000000,1.03960741
119.80000000,1.03891892
119.81000000,1.03823116
119.82000000,1.03754413
119.83000000,1.03685783
119.84000000,1.03617226
119.85000000,1.03548743
119.86000000,1.03480332
119.87000000,1.03411993
119.88000000,1.03343728
119.89000000,1.03275534
119.90000000,1.03207414
119.91000000,1.03139365
119.92000000,1.03071390
119.93000000,1.03003486
119.94000000,1.02935654
119.95000000,1.02867894
119.96000000,1.02800207
119.97000000,1.02732591
119.98000000,1.02665047
119.99000000,1.02597575
120.00000000,1.02530174
120.01000000,1.02462845
120.02000000,1.02395587
120.03000000,1.02328400
120.04000000,1.02261285
120.05000000,1.02194241
120.06000000,1.02127268
120.07000000,1.02060366
120.08000000,1.01993535
120.09000000,1.01926775
120.10000000,1.01860085
120.11000000,1.01793467
120.12000000,1.01726918
120.13000000,1.01660441
120.14000000,1.01594033
120.15000000,1.01527696
120.16000000,1.01461429
120.17000000,1.01395233
120.18000000,1.01329106
120.19000000,1.01263049
120.20000000,1.01197062
120.21000000,1.01131145
120.22000000,1.01065298
120.23000000,1.00999520
120.24000000,1.00933812
120.25000000,1.00868173
120.26000000,1.00802604
120.27000000,1.00737103
120.28000000,1.00671672
120.29000000,1.00606311
120.30000000,1.00541018
120.31000000,1.00475794
120.32000000,1.00410639
120.33000000,1.00345552
120.34000000,1.00280535
120.35000000,1.00215585
120.36000000,1.00150705
120.37000000,1.00085893
120.38000000,1.00021149
120.39000000,0.99956473
120.40000000,0.99891865
120.41000000,0.99827326
120.42000000,0.99762854
120.43000000,0.99698451
120.44000000,0.99634115
120.45000000,0.99569847
120.46000000,0.99505646
120.47000000,0.99441513
120.48000000,0.99377448
120.49000000,0.99313450
120.50000000,0.99249519
120.51000000,0.99185655
120.52000000,0.99121858
120.53000000,0.99058129
120.54000000,0.98994466
120.55000000,0.98930870
120.56000000,0.98867340
120.57000000,0.98803877
120.58000000,0.98740480
120.59000000,0.98677149
120.60000000,0.98613884
120.61000000,0.98550685
120.62000000,0.98487552
120.63000000,0.98424484
120.64000000,0.98361482
120.65000000,0.98298545
120.66000000,0.98235674
120.67000000,0.98172867
120.68000000,0.98110126
120.69000000,0.98047449
120.70000000,0.97984838
120.71000000,0.97922290
120.72000000,0.97859807
120.73000000,0.97797389
120.74000000,0.97735034
120.75000000,0.97672744
120.76000000,0.97610518
120.77000000,0.97548355
120.78000000,0.97486256
120.79000000,0.97424220
120.80000000,0.97362248
120.81000000,0.97300340
120.82000000,0.97238494
120.83000000,0.97176711
120.84000000,0.97114991
120.85000000,0.97053334
120.86000000,0.96991740
120.87000000,0.96930208
120.88000000,0.96868738
120.89000000,0.96807331
120.90000000,0.96745985
120.91000000,0.96684702
120.92000000,0.96623481
120.93000000,0.96562321
120.94000000,0.96501222
120.95000000,0.96440185
120.96000000,0.96379210
120.97000000,0.96318295
120.98000000,0.96257442
120.99000000,0.96196650
121.00000000,0.96135918
121.01000000,0.96075247
121.02000000,0.96014636
121.03000000,0.95954086
121.04000000,0.95893596
121.05000000,0.95833166
121.06000000,0.95772797
121.07000000,0.95712487
121.08000000,0.95652236
121.09000000,0.95592046
121.10000000,0.95531915
121.11000000,0.95471843
121.12000000,0.95411830
121.13000000,0.95351877
121.14000000,0.95291982
121.15000000,0.95232146
121.16000000,0.95172369
121.17000000,0.95112651
121.18000000,0.95052990
121.19000000,0.94993388
121.20000000,0.94933845
121.21000000,0.94874359
121.22000000,0.94814931
121.23000000,0.94755561
121.24000000,0.94696249
121.25000000,0.94636994
121.26000000,0.94577796
121.27000000,0.94518656
121.28000000,0.94459573
121.29000000,0.94400547
121.30000000,0.94341577
121.31000000,0.94282664
121.32000000,0.94223808
121.33000000,0.94165009
121.34000000,0.94106265
121.35000000,0.94047578
121.36000000,0.93988947
121.37000000,0.93930372
121.38000000,0.93871853
121.39000000,0.93813389
121.40000000,0.93754981
121.41000000,0.93696628
121.42000000,0.93638331
121.43000000,0.93580088
121.44000000,0.93521901
121.45000000,0.93463769
121.46000000,0.93405691
121.47000000,0.93347668
121.48000000,0.93289699
121.49000000,0.93231785
121.50000000,0.93173925
121.51000000,0.93116119
121.52000000,0.93058367
121.53000000,0.93000669
121.54000000,0.92943025
121.55000000,0.92885435
121.56000000,0.92827898
121.57000000,0.92770414
121.58000000,0.92712984
121.59000000,0.92655608
121.60000000,0.92598285
121.61000000,0.92541014
121.62000000,0.92483797
121.63000000,0.92426633
121.64000000,0.92369522
121.65000000,0.92312464
121.66000000,0.92255458
121.67000000,0.92198505
121.68000000,0.92141604
121.69000000,0.92084755
121.70000000,0.92027959
121.71000000,0.91971216
121.72000000,0.91914524
121.73000000,0.91857884
121.74000000,0.91801297
121.75000000,0.91744761
121.76000000,0.91688277
121.77000000,0.91631844
121.78000000,0.91575463
121.79000000,0.91519134
121.80000000,0.91462855
121.81000000,0.91406629
121.82000000,0.91350453
121.83000000,0.91294328
121.84000000,0.91238255
121.85000000,0.91182232
121.86000000,0.91126260
121.87000000,0.91070339
121.88000000,0.91014468
121.89000000,0.90958648
121.90000000,0.90902878
121.91000000,0.90847159
121.92000000,0.90791490
121.93000000,0.90735871
121.94000000,0.90680302
121.95000000,0.90624783
121.96000000,0.90569314
121.97000000,0.90513895
121.98000000,0.90458525
121.99000000,0.90403205
122.00000000,0.90347934
122.01000000,0.90292713
122.02000000,0.90237541
122.03000000,0.90182418
122.04000000,0.90127345
122.05000000,0.90072320
122.06000000,0.90017344
122.07000000,0.89962417
122.08000000,0.89907539
122.09000000,0.89852710
122.10000000,0.89797929
122.11000000,0.89743196
122.12000000,0.89688512
122.13000000,0.89633876
122.14000000,0.89579288
122.15000000,0.89524749
122.16000000,0.89470257
122.17000000,0.89415813
122.18000000,0.89361417
122.19000000,0.89307069
122.20000000,0.89252768
122.21000000,0.89198515
122.22000000,0.89144309
122.23000000,0.89090151
122.24000000,0.89036039
122.25000000,0.88981975
122.26000000,0.88927958
122.27000000,0.88873988
122.28000000,0.88820064
122.29000000,0.88766188
122.30000000,0.88712358
122.31000000,0.88658575
122.32000000,0.88604838
122.33000000,0.88551147
122.34000000,0.88497503
122.35000000,0.88443905
122.36000000,0.88390353
122.37000000,0.88336847
122.38000000,0.88283387
122.39000000,0.88229973
122.40000000,0.88176604
122.41000000,0.88123281
122.42000000,0.88070004
122.43000000,0.88016772
122.44000000,0.87963585
122.45000000,0.87910444
122.46000000,0.87857348
122.47000000,0.87804297
122.48000000,0.87751290
122.49000000,0.87698329
122.50000000,0.87645412
122.51000000,0.87592541
122.52000000,0.87539713
122.53000000,0.87486931
122.54000000,0.87434193
122.55000000,0.87381500
122.56000000,0.87328851
122.57000000,0.87276246
122.58000000,0.87223687
122.59000000,0.87171171
122.60000000,0.87118700
122.61000000,0.87066274
122.62000000,0.87013892
122.63000000,0.86961554
122.64000000,0.86909260
122.65000000,0.86857011
122.66000000,0.86804806
122.67000000,0.86752646
122.68000000,0.86700529
122.69000000,0.86648457
122.70000000,0.86596429
122.71000000,0.86544445
122.72000000,0.86492505
122.73000000,0.86440609
122.74000000,0.86388757
122.75000000,0.86336950
122.76000000,0.86285186
122.77000000,0.86233466
122.78000000,0.86181791
122.79000000,0.86130159
122.80000000,0.86078571
122.81000000,0.86027027
122.82000000,0.85975526
122.83000000,0.85924070
122.84000000,0.85872657
122.85000000,0.85821288
122.86000000,0.85769963
122.87000000,0.85718681
122.88000000,0.85667443
122.89000000,0.85616249
122.90000000,0.85565099
122.91000000,0.85513991
122.92000000,0.85462928
122.93000000,0.85411908
122.94000000,0.85360932
122.95000000,0.85309999
122.96000000,0.85259109
122.97000000,0.85208263
122.98000000,0.85157460
122.99000000,0.85106701
123.00000000,0.85055985
123.01000000,0.85005312
123.02000000,0.84954683
123.03000000,0.84904097
123.04000000,0.84853554
123.05000000,0.84803054
123.06000000,0.84752598
123.07000000,0.84702184
123.08000000,0.84651814
123.09000000,0.84601487
123.10000000,0.84551203
123.11000000,0.84500962
123.12000000,0.84450764
123.13000000,0.84400608
123.14000000,0.84350496
123.15000000,0.84300427
123.16000000,0.84250401
123.17000000,0.84200417
123.18000000,0.84150477
123.19000000,0.84100579
123.20000000,0.84050724
123.21000000,0.84000912
123.22000000,0.83951142
123.23000000,0.83901416
123.24000000,0.83851732
123.25000000,0.83802090
123.26000000,0.83752491
123.27000000,0.83702935
123.28000000,0.83653422
123.29000000,0.83603951
123.30000000,0.83554522
123.31000000,0.83505136
123.32000000,0.83455792
123.33000000,0.83406491
123.34000000,0.83357232
123.35000000,0.83308016
123.36000000,0.83258842
123.37000000,0.83209710
123.38000000,0.83160621
123.39000000,0.83111574
123.40000000,0.83062569
123.41000000,0.83013606
123.42000000,0.82964686
123.43000000,0.82915807
123.44000000,0.82866971
123.45000000,0.82818177
123.46000000,0.82769425
123.47000000,0.82720715
123.48000000,0.82672047
123.49000000,0.82623421
123.50000000,0.82574837
123.51000000,0.82526295
123.52000000,0.82477795
123.53000000,0.82429337
123.54000000,0.82380921
123.55000000,0.82332547
123.56000000,0.82284214
123.57000000,0.82235924
123.58000000,0.82187676
123.59000000,0.82139469
123.60000000,0.82091304
123.61000000,0.82043181
123.62000000,0.81995101
123.63000000,0.81947062
123.64000000,0.81899065
123.65000000,0.81851109
123.66000000,0.81803196
123.67000000,0.81755325
123.68000000,0.81707495
123.69000000,0.81659708
123.70000000,0.81611962
123.71000000,0.81564258
123.72000000,0.81516596
123.73000000,0.81468976
123.74000000,0.81421397
123.75000000,0.81373861
123.76000000,0.81326366
123.77000000,0.81278914
123.78000000,0.81231503
123.79000000,0.81184134
123.80000000,0.81136806
123.81000000,0.81089521
123.82000000,0.81042277
123.83000000,0.80995076
123.84000000,0.80947916
123.85000000,0.80900798
123.86000000,0.80853722
123.87000000,0.80806687
123.88000000,0.80759694
123.89000000,0.80712744
123.90000000,0.80665835
123.91000000,0.80618967
123.92000000,0.80572142
123.93000000,0.80525358
123.94000000,0.80478617
123.95000000,0.80431917
123.96000000,0.80385258
123.97000000,0.80338642
123.98000000,0.80292067
123.99000000,0.80245534
124.00000000,0.80199043
124.01000000,0.80152594
124.02000000,0.80106186
124.03000000,0.80059820
124.04000000,0.80013496
124.05000000,0.79967214
124.06000000,0.79920973
124.07000000,0.79874774
124.08000000,0.79828617
124.09000000,0.79782502
124.10000000,0.79736428
124.11000000,0.79690396
124.12000000,0.79644406
124.13000000,0.79598457
124.14000000,0.79552551
124.15000000,0.79506686
124.16000000,0.79460862
124.17000000,0.79415081
124.18000000,0.79369341
124.19000000,0.79323642
124.20000000,0.79277986
124.21000000,0.79232371
124.22000000,0.79186798
124.23000000,0.79141266
124.24000000,0.79095777
124.25000000,0.79050329
124.26000000,0.79004922
124.27000000,0.78959558
124.28000000,0.78914234
124.29000000,0.78868953
124.30000000,0.78823713
124.31000000,0.78778515
124.32000000,0.78733359
124.33000000,0.78688244
124.34000000,0.78643171
124.35000000,0.78598139
124.36000000,0.78553150
124.37000000,0.78508201
124.38000000,0.78463295
124.39000000,0.78418430
124.40000000,0.78373607
124.41000000,0.78328825
124.42000000,0.78284085
124.43000000,0.78239387
124.44000000,0.78194730
124.45000000,0.78150115
124.46000000,0.78105541
124.47000000,0.78061009
124.48000000,0.78016519
124.49000000,0.77972070
124.50000000,0.77927662
124.51000000,0.77883297
124.52000000,0.77838973
124.53000000,0.77794690
124.54000000,0.77750449
124.55000000,0.77706249
124.56000000,0.77662090
124.57000000,0.77617972
124.58000000,0.77573895
124.59000000,0.77529860
124.60000000,0.77485865
124.61000000,0.77441911
124.62000000,0.77397998
124.63000000,0.77354125
124.64000000,0.77310293
124.65000000,0.77266501
124.66000000,0.77222750
124.67000000,0.77179040
124.68000000,0.77135369
124.69000000,0.77091739
124.70000000,0.77048149
124.71000000,0.77004598
124.72000000,0.76961088
124.73000000,0.76917618
124.74000000,0.76874188
124.75000000,0.76830797
124.76000000,0.76787446
124.77000000,0.76744134
124.78000000,0.76700862
124.79000000,0.76657630
124.80000000,0.76614436
124.81000000,0.76571282
124.82000000,0.76528168
124.83000000,0.76485092
124.84000000,0.76442055
124.85000000,0.76399058
124.86000000,0.76356099
124.87000000,0.76313179
124.88000000,0.76270297
124.89000000,0.76227455
124.90000000,0.76184651
124.91000000,0.76141885
124.92000000,0.76099158
124.93000000,0.76056469
124.94000000,0.76013818
124.95000000,0.75971206
124.96000000,0.75928632
124.97000000,0.75886095
124.98000000,0.75843597
124.99000000,0.75801137
125.00000000,0.75758714
125.01000000,0.75716329
125.02000000,0.75673982
125.03000000,0.75631672
125.04000000,0.75589400
125.05000000,0.75547165
125.06000000,0.75504967
125.07000000,0.75462807
125.08000000,0.75420684
125.09000000,0.75378598
125.10000000,0.75336549
125.11000000,0.75294537
125.12000000,0.75252562
125.13000000,0.75210623
125.14000000,0.75168722
125.15000000,0.75126857
125.16000000,0.75085028
125.17000000,0.75043236
125.18000000,0.75001481
125.19000000,0.74959761
125.20000000,0.74918078
125.21000000,0.74876431
125.22000000,0.74834820
125.23000000,0.74793246
125.24000000,0.74751707
125.25000000,0.74710204
125.26000000,0.74668737
125.27000000,0.74627305
125.28000000,0.74585909
125.29000000,0.74544549
125.30000000,0.74503224
125.31000000,0.74461935
125.32000000,0.74420680
125.33000000,0.74379462
125.34000000,0.74338278
125.35000000,0.74297129
125.36000000,0.74256015
125.37000000,0.74214937
125.38000000,0.74173893
125.39000000,0.74132884
125.40000000,0.74091909
125.41000000,0.74050969
125.42000000,0.74010064
125.43000000,0.73969193
125.44000000,0.73928357
125.45000000,0.73887555
125.46000000,0.73846787
125.47000000,0.73806053
125.48000000,0.73765354
125.49000000,0.73724688
125.50000000,0.73684056
125.51000000,0.73643458
125.52000000,0.73602894
125.53000000,0.73562364
125.54000000,0.73521868
125.55000000,0.73481405
125.56000000,0.73440976
125.57000000,0.73400581
125.58000000,0.73360219
125.59000000,0.73319891
125.60000000,0.73279597
125.61000000,0.73239336
125.62000000,0.73199109
125.63000000,0.73158916
125.64000000,0.73118756
125.65000000,0.73078630
125.66000000,0.73038537
125.67000000,0.72998478
125.68000000,0.72958452
125.69000000,0.72918459
125.70000000,0.72878500
125.71000000,0.72838575
125.72000000,0.72798683
125.73000000,0.72758824
125.74000000,0.72718998
125.75000000,0.72679206
125.76000000,0.72639447
125.77000000,0.72599722
125.78000000,0.72560030
125.79000000,0.72520371
125.80000000,0.72480745
125.81000000,0.72441152
125.82000000,0.72401593
125.83000000,0.72362066
125.84000000,0.72322573
125.85000000,0.72283113
125.86000000,0.72243686
125.87000000,0.72204292
125.88000000,0.72164931
125.89000000,0.72125603
125.90000000,0.72086308
125.91000000,0.72047046
125.92000000,0.72007818
125.93000000,0.71968622
125.94000000,0.71929458
125.95000000,0.71890328
125.96000000,0.71851231
125.97000000,0.71812166
125.98000000,0.71773135
125.99000000,0.71734136
126.00000000,0.71695170
126.01000000,0.71656236
126.02000000,0.71617336
126.03000000,0.71578468
126.04000000,0.71539633
126.05000000,0.71500830
126.06000000,0.71462060
126.07000000,0.71423323
126.08000000,0.71384618
126.09000000,0.71345946
126.10000000,0.71307307
126.11000000,0.71268700
126.12000000,0.71230126
126.13000000,0.71191584
126.14000000,0.71153074
126.15000000,0.71114597
126.16000000,0.71076153
126.17000000,0.71037741
126.18000000,0.70999361
126.19000000,0.70961013
126.20000000,0.70922698
126.21000000,0.70884416
126.22000000,0.70846165
126.23000000,0.70807947
126.24000000,0.70769761
126.25000000,0.70731608
126.26000000,0.70693486
126.27000000,0.70655397
126.28000000,0.70617340
126.29000000,0.70579315
126.30000000,0.70541322
126.31000000,0.70503362
126.32000000,0.70465433
126.33000000,0.70427537
126.34000000,0.70389672
126.35000000,0.70351840
126.36000000,0.70314039
126.37000000,0.70276271
126.38000000,0.70238534
126.39000000,0.70200830
126.40000000,0.70163157
126.41000000,0.70125516
126.42000000,0.70087908
126.43000000,0.70050331
126.44000000,0.70012785
126.45000000,0.69975272
126.46000000,0.69937790
126.47000000,0.69900340
126.48000000,0.69862922
126.49000000,0.69825536
126.50000000,0.69788181
126.51000000,0.69750858
126.52000000,0.69713567
126.53000000,0.69676307
126.54000000,0.69639079
126.55000000,0.69601882
126.56000000,0.69564717
126.57000000,0.69527584
126.58000000,0.69490482
126.59000000,0.69453411
126.60000000,0.69416372
126.61000000,0.69379364
126.62000000,0.69342388
126.63000000,0.69305443
126.64000000,0.69268529
126.65000000,0.69231647
126.66000000,0.69194795
126.67000000,0.69157976
126.68000000,0.69121187
126.69000000,0.69084429
126.70000000,0.69047703
126.71000000,0.69011008
126.72000000,0.68974344
126.73000000,0.68937711
126.74000000,0.68901109
126.75000000,0.68864538
126.76000000,0.68827998
126.77000000,0.68791489
126.78000000,0.68755011
126.79000000,0.68718564
126.80000000,0.68682148
126.81000000,0.68645763
126.82000000,0.68609408
126.83000000,0.68573085
126.84000000,0.68536792
126.85000000,0.68500530
126.86000000,0.68464298
126.87000000,0.68428098
126.88000000,0.68391928
126.89000000,0.68355788
126.90000000,0.68319680
126.91000000,0.68283602
126.92000000,0.68247554
126.93000000,0.68211537
126.94000000,0.68175551
126.95000000,0.68139595
126.96000000,0.68103669
126.97000000,0.68067774
126.98000000,0.68031909
126.99000000,0.67996075
127.00000000,0.67960271
127.01000000,0.67924498
127.02000000,0.67888754
127.03000000,0.67853041
127.04000000,0.67817359
127.05000000,0.67781706
127.06000000,0.67746084
127.07000000,0.67710492
127.08000000,0.67674930
127.09000000,0.67639398
127.10000000,0.67603896
127.11000000,0.67568424
127.12000000,0.67532983
127.13000000,0.67497571
127.14000000,0.67462189
127.15000000,0.67426837
127.16000000,0.67391515
127.17000000,0.67356224
127.18000000,0.67320961
127.19000000,0.67285729
127.20000000,0.67250527
127.21000000,0.67215354
127.22000000,0.67180211
127.23000000,0.67145098
127.24000000,0.67110015
127.25000000,0.67074961
127.26000000,0.67039937
127.27000000,0.67004943
127.28000000,0.66969978
127.29000000,0.66935043
127.30000000,0.66900137
127.31000000,0.66865261
127.32000000,0.66830414
127.33000000,0.66795597
127.34000000,0.66760809
127.35000000,0.66726051
127.36000000,0.66691322
127.37000000,0.66656622
127.38000000,0.66621952
127.39000000,0.66587311
127.40000000,0.66552699
127.41000000,0.66518117
127.42000000,0.66483564
127.43000000,0.66449040
127.44000000,0.66414545
127.45000000,0.66380079
127.46000000,0.66345643
127.47000000,0.66311236
127.48000000,0.66276857
127.49000000,0.66242508
127.50000000,0.66208187
127.51000000,0.66173896
127.52000000,0.66139634
127.53000000,0.66105400
127.54000000,0.66071195
127.55000000,0.66037019
127.56000000,0.66002871
127.57000000,0.65968752
127.58000000,0.65934661
127.59000000,0.65900598
127.60000000,0.65866564
127.61000000,0.65832558
127.62000000,0.65798579
127.63000000,0.65764629
127.64000000,0.65730707
127.65000000,0.65696812
127.66000000,0.65662945
127.67000000,0.65629105
127.68000000,0.65595293
127.69000000,0.65561509
127.70000000,0.65527752
127.71000000,0.65494022
127.72000000,0.65460319
127.73000000,0.65426643
127.74000000,0.65392994
127.75000000,0.65359372
127.76000000,0.65325777
127.77000000,0.65292209
127.78000000,0.65258667
127.79000000,0.65225152
127.80000000,0.65191663
127.81000000,0.65158200
127.82000000,0.65124764
127.83000000,0.65091354
127.84000000,0.65057970
127.85000000,0.65024613
127.86000000,0.64991281
127.87000000,0.64957974
127.88000000,0.64924694
127.89000000,0.64891439
127.90000000,0.64858210
127.91000000,0.64825007
127.92000000,0.64791828
127.93000000,0.64758675
127.94000000,0.64725548
127.95000000,0.64692445
127.96000000,0.64659368
127.97000000,0.64626315
127.98000000,0.64593287
127.99000000,0.64560284
128.00000000,0.64527306
128.01000000,0.64494352
128.02000000,0.64461423
128.03000000,0.64428519
128.04000000,0.64395638
128.05000000,0.64362782
128.06000000,0.64329950
128.07000000,0.64297143
128.08000000,0.64264359
128.09000000,0.64231599
128.10000000,0.64198863
128.11000000,0.64166151
128.12000000,0.64133462
128.13000000,0.64100797
128.14000000,0.64068155
128.15000000,0.64035537
128.16000000,0.64002942
128.17000000,0.63970370
128.18000000,0.63937821
128.19000000,0.63905296
128.20000000,0.63872793
128.21000000,0.63840313
128.22000000,0.63807856
128.23000000,0.63775422
128.24000000,0.63743010
128.25000000,0.63710621
128.26000000,0.63678254
128.27000000,0.63645910
128.28000000,0.63613588
128.29000000,0.63581288
128.30000000,0.63549010
128.31000000,0.63516754
128.32000000,0.63484519
128.33000000,0.63452307
128.34000000,0.63420117
128.35000000,0.63387948
128.36000000,0.63355800
128.37000000,0.63323674
128.38000000,0.63291570
128.39000000,0.63259486
128.40000000,0.63227424
128.41000000,0.63195383
128.42000000,0.63163363
128.43000000,0.63131364
128.44000000,0.63099386
128.45000000,0.63067429
128.46000000,0.63035492
128.47000000,0.63003576
128.48000000,0.62971680
128.49000000,0.62939805
128.50000000,0.62907950
128.51000000,0.62876115
128.52000000,0.62844301
128.53000000,0.62812507
128.54000000,0.62780733
128.55000000,0.62748979
128.56000000,0.62717245
128.57000000,0.62685532
128.58000000,0.62653839
128.59000000,0.62622166
128.60000000,0.62590513
128.61000000,0.62558881
128.62000000,0.62527269
128.63000000,0.62495677
128.64000000,0.62464105
128.65000000,0.62432553
128.66000000,0.62401022
128.67000000,0.62369510
128.68000000,0.62338019
128.69000000,0.62306549
128.70000000,0.62275098
128.71000000,0.62243667
128.72000000,0.62212257
128.73000000,0.62180867
128.74000000,0.62149497
128.75000000,0.62118147
128.76000000,0.62086818
128.77000000,0.62055509
128.78000000,0.62024219
128.79000000,0.61992950
128.80000000,0.61961702
128.81000000,0.61930473
128.82000000,0.61899264
128.83000000,0.61868076
128.84000000,0.61836908
128.85000000,0.61805760
128.86000000,0.61774632
128.87000000,0.61743524
128.88000000,0.61712437
128.89000000,0.61681369
128.90000000,0.61650322
128.91000000,0.61619295
128.92000000,0.61588288
128.93000000,0.61557301
128.94000000,0.61526335
128.95000000,0.61495388
128.96000000,0.61464462
128.97000000,0.61433556
128.98000000,0.61402669
128.99000000,0.61371803
129.00000000,0.61340958
129.01000000,0.61310132
129.02000000,0.61279326
129.03000000,0.61248541
129.04000000,0.61217775
129.05000000,0.61187030
129.06000000,0.61156305
129.07000000,0.61125600
129.08000000,0.61094915
129.09000000,0.61064250
129.10000000,0.61033606
129.11000000,0.61002981
129.12000000,0.60972377
129.13000000,0.60941792
129.14000000,0.60911228
129.15000000,0.60880684
129.16000000,0.60850160
129.17000000,0.60819656
129.18000000,0.60789172
129.19000000,0.60758708
129.20000000,0.60728264
129.21000000,0.60697841
129.22000000,0.60667437
129.23000000,0.60637053
129.24000000,0.60606690
129.25000000,0.60576347
129.26000000,0.60546023
129.27000000,0.60515720
129.28000000,0.60485437
129.29000000,0.60455174
129.30000000,0.60424931
129.31000000,0.60394708
129.32000000,0.60364505
129.33000000,0.60334322
129.34000000,0.60304160
129.35000000,0.60274017
129.36000000,0.60243894
129.37000000,0.60213792
129.38000000,0.60183709
129.39000000,0.60153647
129.40000000,0.60123604
129.41000000,0.60093582
129.42000000,0.60063579
129.43000000,0.60033597
129.44000000,0.60003635
129.45000000,0.59973692
129.46000000,0.59943770
129.47000000,0.59913868
129.48000000,0.59883986
129.49000000,0.59854123
129.50000000,0.59824281
129.51000000,0.59794459
129.52000000,0.59764657
129.53000000,0.59734875
129.54000000,0.59705113
129.55000000,0.59675371
129.56000000,0.59645648
129.57000000,0.59615946
129.58000000,0.59586264
129.59000000,0.59556602
129.60000000,0.59526960
129.61000000,0.59497338
129.62000000,0.59467735
129.63000000,0.59438153
129.64000000,0.59408591
129.65000000,0.59379048
129.66000000,0.59349526
129.67000000,0.59320023
129.68000000,0.59290541
129.69000000,0.59261078
129.70000000,0.59231636
129.71000000,0.59202213
129.72000000,0.59172810
129.73000000,0.59143427
129.74000000,0.59114064
129.75000000,0.59084721
129.76000000,0.59055398
129.77000000,0.59026094
129.78000000,0.58996811
129.79000000,0.58967547
129.80000000,0.58938304
129.81000000,0.58909080
129.82000000,0.58879876
129.83000000,0.58850692
129.84000000,0.58821528
129.85000000,0.58792384
129.86000000,0.58763259
129.87000000,0.58734154
129.88000000,0.58705070
129.89000000,0.58676005
129.90000000,0.58646960
129.91000000,0.58617934
129.92000000,0.58588929
129.93000000,0.58559943
129.94000000,0.58530978
129.95000000,0.58502032
129.96000000,0.58473105
129.97000000,0.58444199
129.98000000,0.58415312
129.99000000,0.58386446
130.00000000,0.58357599
130.01000000,0.58328772
130.02000000,0.58299964
130.03000000,0.58271176
130.04000000,0.58242409
130.05000000,0.58213660
130.06000000,0.58184932
130.07000000,0.58156223
130.08000000,0.58127535
130.09000000,0.58098865
130.10000000,0.58070216
130.11000000,0.58041586
130.12000000,0.58012977
130.13000000,0.57984386
130.14000000,0.57955816
130.15000000,0.57927265
130.16000000,0.57898734
130.17000000,0.57870223
130.18000000,0.57841731
130.19000000,0.57813259
130.20000000,0.57784807
130.21000000,0.57756375
130.22000000,0.57727962
130.23000000,0.57699569
130.24000000,0.57671195
130.25000000,0.57642841
130.26000000,0.57614507
130.27000000,0.57586193
130.28000000,0.57557898
130.29000000,0.57529623
130.30000000,0.57501367
130.31000000,0.57473131
130.32000000,0.57444915
130.33000000,0.57416718
130.34000000,0.57388541
130.35000000,0.57360384
130.36000000,0.57332246
130.37000000,0.57304128
130.38000000,0.57276030
130.39000000,0.57247951
130.40000000,0.57219891
130.41000000,0.57191852
130.42000000,0.57163831
130.43000000,0.57135831
130.44000000,0.57107850
130.45000000,0.57079888
130.46000000,0.57051947
130.47000000,0.57024024
130.48000000,0.56996122
130.49000000,0.56968239
130.50000000,0.56940375
130.51000000,0.56912531
130.52000000,0.56884706
130.53000000,0.56856901
130.54000000,0.56829116
130.55000000,0.56801349
130.56000000,0.56773602
130.57000000,0.56745875
130.58000000,0.56718166
130.59000000,0.56690477
130.60000000,0.56662807
130.61000000,0.56635156
130.62000000,0.56607524
130.63000000,0.56579911
130.64000000,0.56552316
130.65000000,0.56524741
130.66000000,0.56497185
130.67000000,0.56469647
130.68000000,0.56442129
130.69000000,0.56414629
130.70000000,0.56387147
130.71000000,0.56359685
130.72000000,0.56332241
130.73000000,0.56304815
130.74000000,0.56277408
130.75000000,0.56250019
130.76000000,0.56222649
130.77000000,0.56195297
130.78000000,0.56167964
130.79000000,0.56140648
130.80000000,0.56113351
130.81000000,0.56086072
130.82000000,0.56058812
130.83000000,0.56031569
130.84000000,0.56004344
130.85000000,0.55977138
130.86000000,0.55949949
130.87000000,0.55922778
130.88000000,0.55895625
130.89000000,0.55868490
130.90000000,0.55841373
130.91000000,0.55814273
130.92000000,0.55787191
130.93000000,0.55760127
130.94000000,0.55733080
130.95000000,0.55706051
130.96000000,0.55679039
130.97000000,0.55652044
130.98000000,0.55625067
130.99000000,0.55598108
131.00000000,0.55571166
131.01000000,0.55544240
131.02000000,0.55517333
131.03000000,0.55490442
131.04000000,0.55463568
131.05000000,0.55436712
131.06000000,0.55409873
131.07000000,0.55383050
131.08000000,0.55356245
131.09000000,0.55329456
131.10000000,0.55302684
131.11000000,0.55275929
131.12000000,0.55249191
131.13000000,0.55222469
131.14000000,0.55195765
131.15000000,0.55169076
131.16000000,0.55142405
131.17000000,0.55115749
131.18000000,0.55089111
131.19000000,0.55062489
131.20000000,0.55035883
131.21000000,0.55009293
131.22000000,0.54982720
131.23000000,0.54956163
131.24000000,0.54929622
131.25000000,0.54903098
131.26000000,0.54876589
131.27000000,0.54850097
131.28000000,0.54823620
131.29000000,0.54797160
131.30000000,0.54770715
131.31000000,0.54744287
131.32000000,0.54717874
131.33000000,0.54691477
131.34000000,0.54665096
131.35000000,0.54638730
131.36000000,0.54612380
131.37000000,0.54586046
131.38000000,0.54559727
131.39000000,0.54533424
131.40000000,0.54507136
131.41000000,0.54480864
131.42000000,0.54454607
131.43000000,0.54428366
131.44000000,0.54402139
131.45000000,0.54375928
131.46000000,0.54349732
131.47000000,0.54323552
131.48000000,0.54297386
131.49000000,0.54271236
131.50000000,0.54245100
131.51000000,0.54218979
131.52000000,0.54192874
131.53000000,0.54166783
131.54000000,0.54140708
131.55000000,0.54114647
131.56000000,0.54088601
131.57000000,0.54062571
131.58000000,0.54036555
131.59000000,0.54010555
131.60000000,0.53984569
131.61000000,0.53958599
131.62000000,0.53932643
131.63000000,0.53906703
131.64000000,0.53880777
131.65000000,0.53854867
131.66000000,0.53828972
131.67000000,0.53803092
131.68000000,0.53777227
131.69000000,0.53751377
131.70000000,0.53725542
131.71000000,0.53699722
131.72000000,0.53673917
131.73000000,0.53648128
131.74000000,0.53622353
131.75000000,0.53596594
131.76000000,0.53570850
131.77000000,0.53545121
131.78000000,0.53519407
131.79000000,0.53493709
131.80000000,0.53468025
131.81000000,0.53442357
131.82000000,0.53416704
131.83000000,0.53391066
131.84000000,0.53365443
131.85000000,0.53339836
131.86000000,0.53314243
131.87000000,0.53288666
131.88000000,0.53263104
131.89000000,0.53237558
131.90000000,0.53212026
131.91000000,0.53186510
131.92000000,0.53161009
131.93000000,0.53135524
131.94000000,0.53110054
131.95000000,0.53084598
131.96000000,0.53059159
131.97000000,0.53033734
131.98000000,0.53008325
131.99000000,0.52982931
132.00000000,0.52957552
132.01000000,0.52932189
132.02000000,0.52906841
132.03000000,0.52881509
132.04000000,0.52856191
132.05000000,0.52830889
132.06000000,0.52805603
132.07000000,0.52780332
132.08000000,0.52755076
132.09000000,0.52729835
132.10000000,0.52704610
132.11000000,0.52679401
132.12000000,0.52654206
132.13000000,0.52629027
132.14000000,0.52603864
132.15000000,0.52578716
132.16000000,0.52553583
132.17000000,0.52528466
132.18000000,0.52503364
132.19000000,0.52478278
132.20000000,0.52453207
132.21000000,0.52428151
132.22000000,0.52403112
132.23000000,0.52378087
132.24000000,0.52353078
132.25000000,0.52328084
132.26000000,0.52303106
132.27000000,0.52278144
132.28000000,0.52253197
132.29000000,0.52228265
132.30000000,0.52203349
132.31000000,0.52178449
132.32000000,0.52153564
132.33000000,0.52128695
132.34000000,0.52103841
132.35000000,0.52079003
132.36000000,0.52054180
132.37000000,0.52029373
132.38000000,0.52004581
132.39000000,0.51979805
132.40000000,0.51955045
132.41000000,0.51930300
132.42000000,0.51905571
132.43000000,0.51880857
132.44000000,0.51856159
132.45000000,0.51831477
132.46000000,0.51806810
132.47000000,0.51782159
132.48000000,0.51757524
132.49000000,0.51732904
132.50000000,0.51708300
132.51000000,0.51683712
132.52000000,0.51659139
132.53000000,0.51634582
132.54000000,0.51610041
132.55000000,0.51585515
132.56000000,0.51561005
132.57000000,0.51536511
132.58000000,0.51512033
132.59000000,0.51487571
132.60000000,0.51463125
132.61000000,0.51438694
132.62000000,0.51414279
132.63000000,0.51389881
132.64000000,0.51365498
132.65000000,0.51341131
132.66000000,0.51316780
132.67000000,0.51292446
132.68000000,0.51268127
132.69000000,0.51243824
132.70000000,0.51219538
132.71000000,0.51195267
132.72000000,0.51171013
132.73000000,0.51146774
132.74000000,0.51122552
132.75000000,0.51098346
132.76000000,0.51074157
132.77000000,0.51049983
132.78000000,0.51025826
132.79000000,0.51001685
132.80000000,0.50977560
132.81000000,0.50953452
132.82000000,0.50929360
132.83000000,0.50905284
132.84000000,0.50881225
132.85000000,0.50857182
132.86000000,0.50833156
132.87000000,0.50809146
132.88000000,0.50785152
132.89000000,0.50761175
132.90000000,0.50737214
132.91000000,0.50713270
132.92000000,0.50689343
132.93000000,0.50665432
132.94000000,0.50641538
132.95000000,0.50617660
132.96000000,0.50593799
132.97000000,0.50569955
132.98000000,0.50546127
132.99000000,0.50522316
133.00000000,0.50498521
133.01000000,0.50474744
133.02000000,0.50450983
133.03000000,0.50427239
133.04000000,0.50403512
133.05000000,0.50379801
133.06000000,0.50356108
133.07000000,0.50332431
133.08000000,0.50308771
133.09000000,0.50285129
133.10000000,0.50261503
133.11000000,0.50237894
133.12000000,0.50214302
133.13000000,0.50190727
133.14000000,0.50167169
133.15000000,0.50143628
133.16000000,0.50120104
133.17000000,0.50096597
133.18000000,0.50073108
133.19000000,0.50049635
133.20000000,0.50026180
133.21000000,0.50002741
133.22000000,0.49979320
133.23000000,0.49955917
133.24000000,0.49932530
133.25000000,0.49909161
133.26000000,0.49885809
133.27000000,0.49862474
133.28000000,0.49839157
133.29000000,0.49815857
133.30000000,0.49792574
133.31000000,0.49769309
133.32000000,0.49746061
133.33000000,0.49722830
133.34000000,0.49699617
133.35000000,0.49676422
133.36000000,0.49653244
133.37000000,0.49630083
133.38000000,0.49606940
133.39000000,0.49583815
133.40000000,0.49560707
133.41000000,0.49537617
133.42000000,0.49514544
133.43000000,0.49491489
133.44000000,0.49468452
133.45000000,0.49445432
133.46000000,0.49422430
133.47000000,0.49399446
133.48000000,0.49376480
133.49000000,0.49353531
133.50000000,0.49330600
133.51000000,0.49307687
133.52000000,0.49284792
133.53000000,0.49261914
133.54000000,0.49239054
133.55000000,0.49216212
133.56000000,0.49193388
133.57000000,0.49170581
133.58000000,0.49147792
133.59000000,0.49125021
133.60000000,0.49102267
133.61000000,0.49079531
133.62000000,0.49056812
133.63000000,0.49034111
133.64000000,0.49011428
133.65000000,0.48988762
133.66000000,0.48966113
133.67000000,0.48943482
133.68000000,0.48920868
133.69000000,0.48898271
133.70000000,0.48875692
133.71000000,0.48853131
133.72000000,0.48830586
133.73000000,0.48808059
133.74000000,0.48785549
133.75000000,0.48763057
133.76000000,0.48740581
133.77000000,0.48718123
133.78000000,0.48695682
133.79000000,0.48673258
133.80000000,0.48650852
133.81000000,0.48628462
133.82000000,0.48606089
133.83000000,0.48583734
133.84000000,0.48561396
133.85000000,0.48539074
133.86000000,0.48516770
133.87000000,0.48494482
133.88000000,0.48472212
133.89000000,0.48449958
133.90000000,0.48427721
133.91000000,0.48405501
133.92000000,0.48383298
133.93000000,0.48361112
133.94000000,0.48338943
133.95000000,0.48316790
133.96000000,0.48294654
133.97000000,0.48272535
133.98000000,0.48250432
133.99000000,0.48228347
134.00000000,0.48206277
134.01000000,0.48184225
134.02000000,0.48162189
134.03000000,0.48140170
134.04000000,0.48118167
134.05000000,0.48096181
134.06000000,0.48074211
134.07000000,0.48052258
134.08000000,0.48030321
134.09000000,0.48008400
134.10000000,0.47986496
134.11000000,0.47964609
134.12000000,0.47942738
134.13000000,0.47920883
134.14000000,0.47899044
134.15000000,0.47877222
134.16000000,0.47855416
134.17000000,0.47833626
134.18000000,0.47811853
134.19000000,0.47790096
134.20000000,0.47768354
134.21000000,0.47746629
134.22000000,0.47724921
134.23000000,0.47703228
134.24000000,0.47681551
134.25000000,0.47659891
134.26000000,0.47638246
134.27000000,0.47616618
134.28000000,0.47595005
134.29000000,0.47573408
134.30000000,0.47551828
134.31000000,0.47530263
134.32000000,0.47508714
134.33000000,0.47487181
134.34000000,0.47465664
134.35000000,0.47444163
134.36000000,0.47422677
134.37000000,0.47401207
134.38000000,0.47379753
134.39000000,0.47358315
134.40000000,0.47336892
134.41000000,0.47315486
134.42000000,0.47294094
134.43000000,0.47272719
134.44000000,0.47251359
134.45000000,0.47230014
134.46000000,0.47208685
134.47000000,0.47187372
134.48000000,0.47166074
134.49000000,0.47144792
134.50000000,0.47123525
134.51000000,0.47102274
134.52000000,0.47081038
134.53000000,0.47059817
134.54000000,0.47038612
134.55000000,0.47017422
134.56000000,0.46996247
134.57000000,0.46975087
134.58000000,0.46953943
134.59000000,0.46932814
134.60000000,0.46911700
134.61000000,0.46890601
134.62000000,0.46869518
134.63000000,0.46848449
134.64000000,0.46827395
134.65000000,0.46806357
134.66000000,0.46785333
134.67000000,0.46764324
134.68000000,0.46743330
134.69000000,0.46722351
134.70000000,0.46701387
134.71000000,0.46680438
134.72000000,0.46659503
134.73000000,0.46638584
134.74000000,0.46617678
134.75000000,0.46596788
134.76000000,0.46575912
134.77000000,0.46555051
134.78000000,0.46534204
134.79000000,0.46513372
134.80000000,0.46492555
134.81000000,0.46471752
134.82000000,0.46450963
134.83000000,0.46430189
134.84000000,0.46409429
134.85000000,0.46388684
134.86000000,0.46367953
134.87000000,0.46347236
134.88000000,0.46326533
134.89000000,0.46305845
134.90000000,0.46285171
134.91000000,0.46264511
134.92000000,0.46243865
134.93000000,0.46223233
134.94000000,0.46202616
134.95000000,0.46182012
134.96000000,0.46161422
134.97000000,0.46140847
134.98000000,0.46120285
134.99000000,0.46099737
135.00000000,0.46079203
135.01000000,0.46058683
135.02000000,0.46038177
135.03000000,0.46017684
135.04000000,0.45997206
135.05000000,0.45976741
135.06000000,0.45956289
135.07000000,0.45935852
135.08000000,0.45915428
135.09000000,0.45895017
135.10000000,0.45874621
135.11000000,0.45854237
135.12000000,0.45833867
135.13000000,0.45813511
135.14000000,0.45793168
135.15000000,0.45772838
135.16000000,0.45752522
135.17000000,0.45732219
135.18000000,0.45711930
135.19000000,0.45691654
135.20000000,0.45671391
135.21000000,0.45651141
135.22000000,0.45630904
135.23000000,0.45610681
135.24000000,0.45590470
135.25000000,0.45570273
135.26000000,0.45550089
135.27000000,0.45529918
135.28000000,0.45509759
135.29000000,0.45489614
135.30000000,0.45469482
135.31000000,0.45449362
135.32000000,0.45429256
135.33000000,0.45409162
135.34000000,0.45389081
135.35000000,0.45369013
135.36000000,0.45348957
135.37000000,0.45328915
135.38000000,0.45308885
135.39000000,0.45288867
135.40000000,0.45268862
135.41000000,0.45248870
135.42000000,0.45228890
135.43000000,0.45208923
135.44000000,0.45188968
135.45000000,0.45169026
135.46000000,0.45149096
135.47000000,0.45129179
135.48000000,0.45109273
135.49000000,0.45089381
135.50000000,0.45069500
135.51000000,0.45049632
135.52000000,0.45029776
135.53000000,0.45009932
135.54000000,0.44990100
135.55000000,0.44970281
135.56000000,0.44950474
135.57000000,0.44930679
135.58000000,0.44910896
135.59000000,0.44891126
135.60000000,0.44871368
135.61000000,0.44851622
135.62000000,0.44831888
135.63000000,0.44812167
135.64000000,0.44792457
135.65000000,0.44772760
135.66000000,0.44753075
135.67000000,0.44733402
135.68000000,0.44713742
135.69000000,0.44694093
135.70000000,0.44674457
135.71000000,0.44654833
135.72000000,0.44635221
135.73000000,0.44615621
135.74000000,0.44596033
135.75000000,0.44576458
135.76000000,0.44556895
135.77000000,0.44537343
135.78000000,0.44517804
135.79000000,0.44498277
135.80000000,0.44478763
135.81000000,0.44459260
135.82000000,0.44439769
135.83000000,0.44420291
135.84000000,0.44400825
135.85000000,0.44381371
135.86000000,0.44361928
135.87000000,0.44342498
135.88000000,0.44323080
135.89000000,0.44303675
135.90000000,0.44284281
135.91000000,0.44264899
135.92000000,0.44245530
135.93000000,0.44226172
135.94000000,0.44206827
135.95000000,0.44187493
135.96000000,0.44168172
135.97000000,0.44148863
135.98000000,0.44129565
135.99000000,0.44110280
136.00000000,0.44091007
136.01000000,0.44071746
136.02000000,0.44052497
136.03000000,0.44033260
136.04000000,0.44014035
136.05000000,0.43994822
136.06000000,0.43975621
136.07000000,0.43956432
136.08000000,0.43937255
136.09000000,0.43918090
136.10000000,0.43898937
136.11000000,0.43879796
136.12000000,0.43860667
136.13000000,0.43841550
136.14000000,0.43822445
136.15000000,0.43803352
136.16000000,0.43784271
136.17000000,0.43765202
136.18000000,0.43746145
136.19000000,0.43727100
136.20000000,0.43708066
136.21000000,0.43689045
136.22000000,0.43670036
136.23000000,0.43651038
136.24000000,0.43632053
136.25000000,0.43613079
136.26000000,0.43594118
136.27000000,0.43575168
136.28000000,0.43556230
136.29000000,0.43537304
136.30000000,0.43518391
136.31000000,0.43499489
136.32000000,0.43480598
136.33000000,0.43461720
136.34000000,0.43442854
136.35000000,0.43423999
136.36000000,0.43405157
136.37000000,0.43386326
136.38000000,0.43367507
136.39000000,0.43348700
136.40000000,0.43329905
136.41000000,0.43311122
136.42000000,0.43292351
136.43000000,0.43273591
136.44000000,0.43254844
136.45000000,0.43236108
136.46000000,0.43217384
136.47000000,0.43198672
136.48000000,0.43179971
136.49000000,0.43161283
136.50000000,0.43142606
136.51000000,0.43123941
136.52000000,0.43105288
136.53000000,0.43086647
136.54000000,0.43068018
136.55000000,0.43049400
136.56000000,0.43030794
136.57000000,0.43012199
136.58000000,0.42993617
136.59000000,0.42975046
136.60000000,0.42956486
136.61000000,0.42937938
136.62000000,0.42919402
136.63000000,0.42900877
136.64000000,0.42882364
136.65000000,0.42863862
136.66000000,0.42845372
136.67000000,0.42826894
136.68000000,0.42808426
136.69000000,0.42789970
136.70000000,0.42771526
136.71000000,0.42753093
136.72000000,0.42734671
136.73000000,0.42716261
136.74000000,0.42697862
136.75000000,0.42679474
136.76000000,0.42661098
136.77000000,0.42642733
136.78000000,0.42624379
136.79000000,0.42606036
136.80000000,0.42587704
136.81000000,0.42569384
136.82000000,0.42551075
136.83000000,0.42532776
136.84000000,0.42514489
136.85000000,0.42496213
136.86000000,0.42477948
136.87000000,0.42459695
136.88000000,0.42441452
136.89000000,0.42423220
136.90000000,0.42404999
136.91000000,0.42386789
136.92000000,0.42368590
136.93000000,0.42350402
136.94000000,0.42332225
136.95000000,0.42314058
136.96000000,0.42295903
136.97000000,0.42277758
136.98000000,0.42259624
136.99000000,0.42241501
137.00000000,0.42223388
137.01000000,0.42205287
137.02000000,0.42187196
137.03000000,0.42169115
137.04000000,0.42151046
137.05000000,0.42132987
137.06000000,0.42114938
137.07000000,0.42096901
137.08000000,0.42078873
137.09000000,0.42060857
137.10000000,0.42042851
137.11000000,0.42024855
137.12000000,0.42006870
137.13000000,0.41988895
137.14000000,0.41970931
137.15000000,0.41952977
137.16000000,0.41935034
137.17000000,0.41917101
137.18000000,0.41899178
137.19000000,0.41881266
137.20000000,0.41863364
137.21000000,0.41845472
137.22000000,0.41827591
137.23000000,0.41809720
137.24000000,0.41791859
137.25000000,0.41774008
137.26000000,0.41756168
137.27000000,0.41738337
137.28000000,0.41720517
137.29000000,0.41702707
137.30000000,0.41684907
137.31000000,0.41667117
137.32000000,0.41649337
137.33000000,0.41631567
137.34000000,0.41613808
137.35000000,0.41596058
137.36000000,0.41578318
137.37000000,0.41560588
137.38000000,0.41542868
137.39000000,0.41525158
137.40000000,0.41507457
137.41000000,0.41489767
137.42000000,0.41472087
137.43000000,0.41454416
137.44000000,0.41436755
137.45000000,0.41419104
137.46000000,0.41401462
137.47000000,0.41383831
137.48000000,0.41366209
137.49000000,0.41348596
137.50000000,0.41330994
137.51000000,0.41313401
137.52000000,0.41295817
137.53000000,0.41278244
137.54000000,0.41260680
137.55000000,0.41243125
137.56000000,0.41225580
137.57000000,0.41208045
137.58000000,0.41190519
137.59000000,0.41173003
137.60000000,0.41155496
137.61000000,0.41137999
137.62000000,0.41120511
137.63000000,0.41103033
137.64000000,0.41085565
137.65000000,0.41068106
137.66000000,0.41050656
137.67000000,0.41033216
137.68000000,0.41015786
137.69000000,0.40998365
137.70000000,0.40980953
137.71000000,0.40963551
137.72000000,0.40946159
137.73000000,0.40928775
137.74000000,0.40911402
137.75000000,0.40894037
137.76000000,0.40876682
137.77000000,0.40859337
137.78000000,0.40842000
137.79000000,0.40824674
137.80000000,0.40807356
137.81000000,0.40790048
137.82000000,0.40772749
137.83000000,0.40755460
137.84000000,0.40738180
137.85000000,0.40720909
137.86000000,0.40703648
137.87000000,0.40686396
137.88000000,0.40669153
137.89000000,0.40651920
137.90000000,0.40634696
137.91000000,0.40617481
137.92000000,0.40600275
137.93000000,0.40583079
137.94000000,0.40565891
137.95000000,0.40548713
137.96000000,0.40531545
137.97000000,0.40514385
137.98000000,0.40497235
137.99000000,0.40480094
138.00000000,0.40462962
138.01000000,0.40445839
138.02000000,0.40428726
138.03000000,0.40411621
138.04000000,0.40394526
138.05000000,0.40377440
138.06000000,0.40360363
138.07000000,0.40343295
138.08000000,0.40326237
138.09000000,0.40309187
138.10000000,0.40292147
138.11000000,0.40275115
138.12000000,0.40258093
138.13000000,0.40241080
138.14000000,0.40224075
138.15000000,0.40207080
138.16000000,0.40190094
138.17000000,0.40173117
138.18000000,0.40156149
138.19000000,0.40139190
138.20000000,0.40122240
138.21000000,0.40105299
138.22000000,0.40088367
138.23000000,0.40071444
138.24000000,0.40054530
138.25000000,0.40037625
138.26000000,0.40020728
138.27000000,0.40003841
138.28000000,0.39986963
138.29000000,0.39970094
138.30000000,0.39953233
138.31000000,0.39936382
138.32000000,0.39919539
138.33000000,0.39902705
138.34000000,0.39885880
138.35000000,0.39869064
138.36000000,0.39852257
138.37000000,0.39835459
138.38000000,0.39818669
138.39000000,0.39801888
138.40000000,0.39785117
138.41000000,0.39768354
138.42000000,0.39751599
138.43000000,0.39734854
138.44000000,0.39718117
138.45000000,0.39701389
138.46000000,0.39684670
138.47000000,0.39667960
138.48000000,0.39651258
138.49000000,0.39634565
138.50000000,0.39617881
138.51000000,0.39601206
138.52000000,0.39584539
138.53000000,0.39567881
138.54000000,0.39551232
138.55000000,0.39534592
138.56000000,0.39517961
138.57000000,0.39501338
138.58000000,0.39484724
138.59000000,0.39468120
138.60000000,0.39451524
138.61000000,0.39434937
138.62000000,0.39418360
138.63000000,0.39401791
138.64000000,0.39385231
138.65000000,0.39368681
138.66000000,0.39352140
138.67000000,0.39335607
138.68000000,0.39319084
138.69000000,0.39302571
138.70000000,0.39286066
138.71000000,0.39269571
138.72000000,0.39253085
138.73000000,0.39236608
138.74000000,0.39220141
138.75000000,0.39203683
138.76000000,0.39187234
138.77000000,0.39170795
138.78000000,0.39154366
138.79000000,0.39137945
138.80000000,0.39121535
138.81000000,0.39105134
138.82000000,0.39088742
138.83000000,0.39072360
138.84000000,0.39055988
138.85000000,0.39039625
138.86000000,0.39023272
138.87000000,0.39006929
138.88000000,0.38990595
138.89000000,0.38974271
138.90000000,0.38957957
138.91000000,0.38941653
138.92000000,0.38925358
138.93000000,0.38909074
138.94000000,0.38892799
138.95000000,0.38876534
138.96000000,0.38860279
138.97000000,0.38844035
138.98000000,0.38827800
138.99000000,0.38811575
139.00000000,0.38795360
139.01000000,0.38779156
139.02000000,0.38762961
139.03000000,0.38746777
139.04000000,0.38730602
139.05000000,0.38714438
139.06000000,0.38698284
139.07000000,0.38682141
139.08000000,0.38666007
139.09000000,0.38649884
139.10000000,0.38633772
139.11000000,0.38617669
139.12000000,0.38601577
139.13000000,0.38585496
139.14000000,0.38569425
139.15000000,0.38553364
139.16000000,0.38537314
139.17000000,0.38521274
139.18000000,0.38505245
139.19000000,0.38489226
139.20000000,0.38473218
139.21000000,0.38457221
139.22000000,0.38441235
139.23000000,0.38425259
139.24000000,0.38409293
139.25000000,0.38393339
139.26000000,0.38377395
139.27000000,0.38361462
139.28000000,0.38345540
139.29000000,0.38329628
139.30000000,0.38313728
139.31000000,0.38297838
139.32000000,0.38281960
139.33000000,0.38266092
139.34000000,0.38250235
139.35000000,0.38234390
139.36000000,0.38218555
139.37000000,0.38202731
139.38000000,0.38186919
139.39000000,0.38171118
139.40000000,0.38155327
139.41000000,0.38139548
139.42000000,0.38123780
139.43000000,0.38108024
139.44000000,0.38092278
139.45000000,0.38076544
139.46000000,0.38060821
139.47000000,0.38045110
139.48000000,0.38029410
139.49000000,0.38013721
139.50000000,0.37998044
139.51000000,0.37982378
139.52000000,0.37966723
139.53000000,0.37951080
139.54000000,0.37935449
139.55000000,0.37919829
139.56000000,0.37904220
139.57000000,0.37888622
139.58000000,0.37873036
139.59000000,0.37857461
139.60000000,0.37841898
139.61000000,0.37826345
139.62000000,0.37810805
139.63000000,0.37795275
139.64000000,0.37779757
139.65000000,0.37764249
139.66000000,0.37748753
139.67000000,0.37733269
139.68000000,0.37717795
139.69000000,0.37702333
139.70000000,0.37686882
139.71000000,0.37671442
139.72000000,0.37656013
139.73000000,0.37640596
139.74000000,0.37625189
139.75000000,0.37609794
139.76000000,0.37594409
139.77000000,0.37579036
139.78000000,0.37563674
139.79000000,0.37548323
139.80000000,0.37532983
139.81000000,0.37517654
139.82000000,0.37502336
139.83000000,0.37487028
139.84000000,0.37471732
139.85000000,0.37456447
139.86000000,0.37441173
139.87000000,0.37425910
139.88000000,0.37410658
139.89000000,0.37395416
139.90000000,0.37380186
139.91000000,0.37364966
139.92000000,0.37349757
139.93000000,0.37334560
139.94000000,0.37319373
139.95000000,0.37304196
139.96000000,0.37289031
139.97000000,0.37273876
139.98000000,0.37258733
139.99000000,0.37243600
140.00000000,0.37228477
140.01000000,0.37213366
140.02000000,0.37198265
140.03000000,0.37183175
140.04000000,0.37168096
140.05000000,0.37153027
140.06000000,0.37137969
140.07000000,0.37122922
140.08000000,0.37107885
140.09000000,0.37092859
140.10000000,0.37077844
140.11000000,0.37062839
140.12000000,0.37047845
140.13000000,0.37032861
140.14000000,0.37017888
140.15000000,0.37002925
140.16000000,0.36987973
140.17000000,0.36973032
140.18000000,0.36958101
140.19000000,0.36943180
140.20000000,0.36928270
140.21000000,0.36913371
140.22000000,0.36898482
140.23000000,0.36883603
140.24000000,0.36868735
140.25000000,0.36853877
140.26000000,0.36839030
140.27000000,0.36824193
140.28000000,0.36809366
140.29000000,0.36794550
140.30000000,0.36779744
140.31000000,0.36764948
140.32000000,0.36750163
140.33000000,0.36735388
140.34000000,0.36720623
140.35000000,0.36705869
140.36000000,0.36691125
140.37000000,0.36676391
140.38000000,0.36661667
140.39000000,0.36646953
140.40000000,0.36632250
140.41000000,0.36617557
140.42000000,0.36602874
140.43000000,0.36588201
140.44000000,0.36573539
140.45000000,0.36558886
140.46000000,0.36544244
140.47000000,0.36529611
140.48000000,0.36514989
140.49000000,0.36500377
140.50000000,0.36485775
140.51000000,0.36471183
140.52000000,0.36456601
140.53000000,0.36442029
140.54000000,0.36427467
140.55000000,0.36412915
140.56000000,0.36398372
140.57000000,0.36383840
140.58000000,0.36369317
140.59000000,0.36354804
140.60000000,0.36340300
140.61000000,0.36325806
140.62000000,0.36311322
140.63000000,0.36296848
140.64000000,0.36282382
140.65000000,0.36267927
140.66000000,0.36253481
140.67000000,0.36239044
140.68000000,0.36224616
140.69000000,0.36210198
140.70000000,0.36195789
140.71000000,0.36181390
140.72000000,0.36166999
140.73000000,0.36152618
140.74000000,0.36138246
140.75000000,0.36123883
140.76000000,0.36109528
140.77000000,0.36095183
140.78000000,0.36080847
140.79000000,0.36066520
140.80000000,0.36052201
140.81000000,0.36037892
140.82000000,0.36023591
140.83000000,0.36009299
140.84000000,0.35995016
140.85000000,0.35980741
140.86000000,0.35966475
140.87000000,0.35952217
140.88000000,0.35937968
140.89000000,0.35923728
140.90000000,0.35909496
140.91000000,0.35895272
140.92000000,0.35881057
140.93000000,0.35866850
140.94000000,0.35852651
140.95000000,0.35838461
140.96000000,0.35824279
140.97000000,0.35810105
140.98000000,0.35795939
140.99000000,0.35781781
141.00000000,0.35767632
141.01000000,0.35753490
141.02000000,0.35739356
141.03000000,0.35725230
141.04000000,0.35711112
141.05000000,0.35697002
141.06000000,0.35682900
141.07000000,0.35668805
141.08000000,0.35654718
141.09000000,0.35640639
141.10000000,0.35626568
141.11000000,0.35612504
141.12000000,0.35598447
141.13000000,0.35584399
141.14000000,0.35570357
141.15000000,0.35556323
141.16000000,0.35542297
141.17000000,0.35528277
141.18000000,0.35514266
141.19000000,0.35500261
141.20000000,0.35486263
141.21000000,0.35472273
141.22000000,0.35458290
141.23000000,0.35444314
141.24000000,0.35430345
141.25000000,0.35416383
141.26000000,0.35402429
141.27000000,0.35388481
141.28000000,0.35374540
141.29000000,0.35360605
141.30000000,0.35346678
141.31000000,0.35332757
141.32000000,0.35318844
141.33000000,0.35304936
141.34000000,0.35291036
141.35000000,0.35277142
141.36000000,0.35263255
141.37000000,0.35249374
141.38000000,0.35235500
141.39000000,0.35221632
141.40000000,0.35207771
141.41000000,0.35193915
141.42000000,0.35180067
141.43000000,0.35166224
141.44000000,0.35152388
141.45000000,0.35138558
141.46000000,0.35124734
141.47000000,0.35110917
141.48000000,0.35097105
141.49000000,0.35083300
141.50000000,0.35069500
141.51000000,0.35055706
141.52000000,0.35041919
141.53000000,0.35028137
141.54000000,0.35014361
141.55000000,0.35000592
141.56000000,0.34986828
141.57000000,0.34973070
141.58000000,0.34959319
141.59000000,0.34945573
141.60000000,0.34931833
141.61000000,0.34918099
141.62000000,0.34904371
141.63000000,0.34890650
141.64000000,0.34876934
141.65000000,0.34863224
141.66000000,0.34849520
141.67000000,0.34835823
141.68000000,0.34822131
141.69000000,0.34808445
141.70000000,0.34794766
141.71000000,0.34781092
141.72000000,0.34767424
141.73000000,0.34753763
141.74000000,0.34740107
141.75000000,0.34726458
141.76000000,0.34712814
141.77000000,0.34699177
141.78000000,0.34685545
141.79000000,0.34671920
141.80000000,0.34658301
141.81000000,0.34644688
141.82000000,0.34631080
141.83000000,0.34617479
141.84000000,0.34603884
141.85000000,0.34590295
141.86000000,0.34576713
141.87000000,0.34563136
141.88000000,0.34549565
141.89000000,0.34536001
141.90000000,0.34522442
141.91000000,0.34508890
141.92000000,0.34495343
141.93000000,0.34481803
141.94000000,0.34468269
141.95000000,0.34454741
141.96000000,0.34441219
141.97000000,0.34427703
141.98000000,0.34414194
141.99000000,0.34400690
142.00000000,0.34387193
142.01000000,0.34373701
142.02000000,0.34360216
142.03000000,0.34346737
142.04000000,0.34333264
142.05000000,0.34319797
142.06000000,0.34306337
142.07000000,0.34292882
142.08000000,0.34279434
142.09000000,0.34265992
142.10000000,0.34252556
142.11000000,0.34239126
142.12000000,0.34225702
142.13000000,0.34212285
142.14000000,0.34198873
142.15000000,0.34185468
142.16000000,0.34172069
142.17000000,0.34158676
142.18000000,0.34145290
142.19000000,0.34131909
142.20000000,0.34118535
142.21000000,0.34105167
142.22000000,0.34091805
142.23000000,0.34078449
142.24000000,0.34065100
142.25000000,0.34051756
142.26000000,0.34038419
142.27000000,0.34025088
142.28000000,0.34011764
142.29000000,0.33998445
142.30000000,0.33985133
142.31000000,0.33971827
142.32000000,0.33958527
142.33000000,0.33945234
142.34000000,0.33931946
142.35000000,0.33918665
142.36000000,0.33905390
142.37000000,0.33892122
142.38000000,0.33878860
142.39000000,0.33865603
142.40000000,0.33852354
142.41000000,0.33839110
142.42000000,0.33825873
142.43000000,0.33812642
142.44000000,0.33799417
142.45000000,0.33786198
142.46000000,0.33772986
142.47000000,0.33759780
142.48000000,0.33746581
142.49000000,0.33733387
142.50000000,0.33720200
142.51000000,0.33707019
142.52000000,0.33693845
142.53000000,0.33680676
142.54000000,0.33667515
142.55000000,0.33654359
142.56000000,0.33641210
142.57000000,0.33628067
142.58000000,0.33614930
142.59000000,0.33601800
142.60000000,0.33588677
142.61000000,0.33575559
142.62000000,0.33562448
142.63000000,0.33549344
142.64000000,0.33536246
142.65000000,0.33523154
142.66000000,0.33510069
142.67000000,0.33496990
142.68000000,0.33483918
142.69000000,0.33470852
142.70000000,0.33457793
142.71000000,0.33444740
142.72000000,0.33431694
142.73000000,0.33418655
142.74000000,0.33405621
142.75000000,0.33392595
142.76000000,0.33379575
142.77000000,0.33366561
142.78000000,0.33353555
142.79000000,0.33340554
142.80000000,0.33327561
142.81000000,0.33314574
142.82000000,0.33301593
142.83000000,0.33288619
142.84000000,0.33275652
142.85000000,0.33262692
142.86000000,0.33249738
142.87000000,0.33236791
142.88000000,0.33223850
142.89000000,0.33210917
142.90000000,0.33197990
142.91000000,0.33185070
142.92000000,0.33172156
142.93000000,0.33159249
142.94000000,0.33146349
142.95000000,0.33133456
142.96000000,0.33120570
142.97000000,0.33107690
142.98000000,0.33094817
142.99000000,0.33081951
143.00000000,0.33069092
143.01000000,0.33056239
143.02000000,0.33043394
143.03000000,0.33030555
143.04000000,0.33017723
143.05000000,0.33004898
143.06000000,0.32992080
143.07000000,0.32979269
143.08000000,0.32966465
143.09000000,0.32953668
143.10000000,0.32940877
143.11000000,0.32928094
143.12000000,0.32915317
143.13000000,0.32902548
143.14000000,0.32889785
143.15000000,0.32877030
143.16000000,0.32864281
143.17000000,0.32851540
143.18000000,0.32838805
143.19000000,0.32826078
143.20000000,0.32813358
143.21000000,0.32800644
143.22000000,0.32787938
143.23000000,0.32775239
143.24000000,0.32762547
143.25000000,0.32749862
143.26000000,0.32737184
143.27000000,0.32724513
143.28000000,0.32711849
143.29000000,0.32699193
143.30000000,0.32686543
143.31000000,0.32673901
143.32000000,0.32661266
143.33000000,0.32648638
143.34000000,0.32636018
143.35000000,0.32623404
143.36000000,0.32610798
143.37000000,0.32598199
143.38000000,0.32585607
143.39000000,0.32573023
143.40000000,0.32560445
143.41000000,0.32547875
143.42000000,0.32535313
143.43000000,0.32522757
143.44000000,0.32510209
143.45000000,0.32497669
143.46000000,0.32485135
143.47000000,0.32472609
143.48000000,0.32460090
143.49000000,0.32447579
143.50000000,0.32435075
143.51000000,0.32422578
143.52000000,0.32410089
143.53000000,0.32397607
143.54000000,0.32385133
143.55000000,0.32372665
143.56000000,0.32360206
143.57000000,0.32347753
143.58000000,0.32335308
143.59000000,0.32322870
143.60000000,0.32310439
143.61000000,0.32298016
143.62000000,0.32285599
143.63000000,0.32273191
143.64000000,0.32260789
143.65000000,0.32248394
143.66000000,0.32236007
143.67000000,0.32223627
143.68000000,0.32211254
143.69000000,0.32198888
143.70000000,0.32186530
143.71000000,0.32174178
143.72000000,0.32161834
143.73000000,0.32149497
143.74000000,0.32137167
143.75000000,0.32124844
143.76000000,0.32112528
143.77000000,0.32100219
143.78000000,0.32087917
143.79000000,0.32075623
143.80000000,0.32063335
143.81000000,0.32051054
143.82000000,0.32038781
143.83000000,0.32026514
143.84000000,0.32014254
143.85000000,0.32002002
143.86000000,0.31989756
143.87000000,0.31977517
143.88000000,0.31965286
143.89000000,0.31953061
143.90000000,0.31940843
143.91000000,0.31928632
143.92000000,0.31916428
143.93000000,0.31904231
143.94000000,0.31892040
143.95000000,0.31879857
143.96000000,0.31867680
143.97000000,0.31855510
143.98000000,0.31843347
143.99000000,0.31831191
144.00000000,0.31819042
144.01000000,0.31806899
144.02000000,0.31794764
144.03000000,0.31782635
144.04000000,0.31770512
144.05000000,0.31758397
144.06000000,0.31746288
144.07000000,0.31734186
144.08000000,0.31722091
144.09000000,0.31710002
144.10000000,0.31697920
144.11000000,0.31685845
144.12000000,0.31673776
144.13000000,0.31661714
144.14000000,0.31649659
144.15000000,0.31637610
144.16000000,0.31625568
144.17000000,0.31613533
144.18000000,0.31601504
144.19000000,0.31589481
144.20000000,0.31577466
144.21000000,0.31565456
144.22000000,0.31553454
144.23000000,0.31541458
144.24000000,0.31529468
144.25000000,0.31517485
144.26000000,0.31505508
144.27000000,0.31493538
144.28000000,0.31481574
144.29000000,0.31469617
144.30000000,0.31457667
144.31000000,0.31445722
144.32000000,0.31433784
144.33000000,0.31421853
144.34000000,0.31409928
144.35000000,0.31398009
144.36000000,0.31386097
144.37000000,0.31374191
144.38000000,0.31362291
144.39000000,0.31350398
144.40000000,0.31338511
144.41000000,0.31326631
144.42000000,0.31314756
144.43000000,0.31302888
144.44000000,0.31291027
144.45000000,0.31279171
144.46000000,0.31267322
144.47000000,0.31255479
144.48000000,0.31243642
144.49000000,0.31231812
144.50000000,0.31219987
144.51000000,0.31208169
144.52000000,0.31196358
144.53000000,0.31184552
144.54000000,0.31172752
144.55000000,0.31160959
144.56000000,0.31149172
144.57000000,0.31137391
144.58000000,0.31125616
144.59000000,0.31113847
144.60000000,0.31102085
144.61000000,0.31090328
144.62000000,0.31078578
144.63000000,0.31066834
144.64000000,0.31055096
144.65000000,0.31043364
144.66000000,0.31031638
144.67000000,0.31019918
144.68000000,0.31008204
144.69000000,0.30996497
144.70000000,0.30984795
144.71000000,0.30973100
144.72000000,0.30961411
144.73000000,0.30949727
144.74000000,0.30938050
144.75000000,0.30926379
144.76000000,0.30914713
144.77000000,0.30903054
144.78000000,0.30891401
144.79000000,0.30879754
144.80000000,0.30868113
144.81000000,0.30856478
144.82000000,0.30844849
144.83000000,0.30833225
144.84000000,0.30821608
144.85000000,0.30809997
144.86000000,0.30798392
144.87000000,0.30786793
144.88000000,0.30775199
144.89000000,0.30763612
144.90000000,0.30752031
144.91000000,0.30740455
144.92000000,0.30728886
144.93000000,0.30717322
144.94000000,0.30705764
144.95000000,0.30694213
144.96000000,0.30682667
144.97000000,0.30671127
144.98000000,0.30659593
144.99000000,0.30648064
145.00000000,0.30636542
145.01000000,0.30625026
145.02000000,0.30613515
145.03000000,0.30602010
145.04000000,0.30590511
145.05000000,0.30579018
145.06000000,0.30567531
145.07000000,0.30556050
145.08000000,0.30544574
145.09000000,0.30533105
145.10000000,0.30521641
145.11000000,0.30510183
145.12000000,0.30498730
145.13000000,0.30487284
145.14000000,0.30475843
145.15000000,0.30464408
145.16000000,0.30452979
145.17000000,0.30441555
145.18000000,0.30430138
145.19000000,0.30418726
145.20000000,0.30407320
145.21000000,0.30395919
145.22000000,0.30384525
145.23000000,0.30373136
145.24000000,0.30361753
145.25000000,0.30350375
145.26000000,0.30339003
145.27000000,0.30327637
145.28000000,0.30316277
145.29000000,0.30304922
145.30000000,0.30293573
145.31000000,0.30282230
145.32000000,0.30270892
145.33000000,0.30259560
145.34000000,0.30248233
145.35000000,0.30236913
145.36000000,0.30225598
145.37000000,0.30214288
145.38000000,0.30202984
145.39000000,0.30191686
145.40000000,0.30180394
145.41000000,0.30169107
145.42000000,0.30157825
145.43000000,0.30146549
145.44000000,0.30135279
145.45000000,0.30124015
145.46000000,0.30112756
145.47000000,0.30101502
145.48000000,0.30090254
145.49000000,0.30079012
145.50000000,0.30067775
145.51000000,0.30056544
145.52000000,0.30045318
145.53000000,0.30034098
145.54000000,0.30022883
145.55000000,0.30011674
145.56000000,0.30000470
145.57000000,0.29989272
145.58000000,0.29978080
145.59000000,0.29966892
145.60000000,0.29955711
145.61000000,0.29944535
145.62000000,0.29933364
145.63000000,0.29922198
145.64000000,0.29911039
145.65000000,0.29899884
145.66000000,0.29888735
145.67000000,0.29877592
145.68000000,0.29866454
145.69000000,0.29855321
145.70000000,0.29844194
145.71000000,0.29833072
145.72000000,0.29821956
145.73000000,0.29810845
145.74000000,0.29799739
145.75000000,0.29788639
145.76000000,0.29777544
145.77000000,0.29766454
145.78000000,0.29755370
145.79000000,0.29744291
145.80000000,0.29733218
145.81000000,0.29722149
145.82000000,0.29711087
145.83000000,0.29700029
145.84000000,0.29688977
145.85000000,0.29677930
145.86000000,0.29666888
145.87000000,0.29655852
145.88000000,0.29644821
145.89000000,0.29633795
145.90000000,0.29622775
145.91000000,0.29611760
145.92000000,0.29600750
145.93000000,0.29589745
145.94000000,0.29578746
145.95000000,0.29567752
145.96000000,0.29556763
145.97000000,0.29545779
145.98000000,0.29534801
145.99000000,0.29523827
146.00000000,0.29512859
146.01000000,0.29501897
146.02000000,0.29490939
146.03000000,0.29479986
146.04000000,0.29469039
146.05000000,0.29458097
146.06000000,0.29447160
146.07000000,0.29436228
146.08000000,0.29425302
146.09000000,0.29414380
146.10000000,0.29403464
146.11000000,0.29392552
146.12000000,0.29381646
146.13000000,0.29370745
146.14000000,0.29359849
146.15000000,0.29348959
146.16000000,0.29338073
146.17000000,0.29327192
146.18000000,0.29316317
146.19000000,0.29305447
146.20000000,0.29294581
146.21000000,0.29283721
146.22000000,0.29272866
146.23000000,0.29262015
146.24000000,0.29251170
146.25000000,0.29240330
146.26000000,0.29229495
146.27000000,0.29218665
146.28000000,0.29207840
146.29000000,0.29197020
146.30000000,0.29186205
146.31000000,0.29175395
146.32000000,0.29164590
146.33000000,0.29153790
146.34000000,0.29142995
146.35000000,0.29132204
146.36000000,0.29121419
146.37000000,0.29110639
146.38000000,0.29099864
146.39000000,0.29089093
146.40000000,0.29078328
146.41000000,0.29067568
146.42000000,0.29056812
146.43000000,0.29046061
146.44000000,0.29035316
146.45000000,0.29024575
146.46000000,0.29013839
146.47000000,0.29003108
146.48000000,0.28992382
146.49000000,0.28981660
146.50000000,0.28970944
146.51000000,0.28960232
146.52000000,0.28949525
146.53000000,0.28938824
146.54000000,0.28928127
146.55000000,0.28917434
146.56000000,0.28906747
146.57000000,0.28896065
146.58000000,0.28885388
146.59000000,0.28874715
146.60000000,0.28864048
146.61000000,0.28853385
146.62000000,0.28842727
146.63000000,0.28832075
146.64000000,0.28821427
146.65000000,0.28810784
146.66000000,0.28800146
146.67000000,0.28789513
146.68000000,0.28778885
146.69000000,0.28768263
146.70000000,0.28757645
146.71000000,0.28747032
146.72000000,0.28736424
146.73000000,0.28725821
146.74000000,0.28715223
146.75000000,0.28704631
146.76000000,0.28694043
146.77000000,0.28683460
146.78000000,0.28672883
146.79000000,0.28662310
146.80000000,0.28651743
146.81000000,0.28641180
146.82000000,0.28630623
146.83000000,0.28620071
146.84000000,0.28609524
146.85000000,0.28598982
146.86000000,0.28588445
146.87000000,0.28577914
146.88000000,0.28567387
146.89000000,0.28556866
146.90000000,0.28546349
146.91000000,0.28535838
146.92000000,0.28525332
146.93000000,0.28514832
146.94000000,0.28504336
146.95000000,0.28493846
146.96000000,0.28483361
146.97000000,0.28472881
146.98000000,0.28462406
146.99000000,0.28451936
147.00000000,0.28441472
147.01000000,0.28431013
147.02000000,0.28420559
147.03000000,0.28410111
147.04000000,0.28399667
147.05000000,0.28389229
147.06000000,0.28378797
147.07000000,0.28368369
147.08000000,0.28357947
147.09000000,0.28347530
147.10000000,0.28337118
147.11000000,0.28326712
147.12000000,0.28316311
147.13000000,0.28305916
147.14000000,0.28295525
147.15000000,0.28285140
147.16000000,0.28274761
147.17000000,0.28264387
147.18000000,0.28254018
147.19000000,0.28243654
147.20000000,0.28233296
147.21000000,0.28222944
147.22000000,0.28212596
147.23000000,0.28202254
147.24000000,0.28191918
147.25000000,0.28181587
147.26000000,0.28171261
147.27000000,0.28160941
147.28000000,0.28150626
147.29000000,0.28140317
147.30000000,0.28130013
147.31000000,0.28119715
147.32000000,0.28109422
147.33000000,0.28099134
147.34000000,0.28088852
147.35000000,0.28078576
147.36000000,0.28068305
147.37000000,0.28058039
147.38000000,0.28047780
147.39000000,0.28037525
147.40000000,0.28027276
147.41000000,0.28017033
147.42000000,0.28006795
147.43000000,0.27996563
147.44000000,0.27986336
147.45000000,0.27976115
147.46000000,0.27965900
147.47000000,0.27955690
147.48000000,0.27945486
147.49000000,0.27935287
147.50000000,0.27925094
147.51000000,0.27914906
147.52000000,0.27904724
147.53000000,0.27894548
147.54000000,0.27884377
147.55000000,0.27874212
147.56000000,0.27864052
147.57000000,0.27853897
147.58000000,0.27843748
147.59000000,0.27833605
147.60000000,0.27823466
147.61000000,0.27813333
147.62000000,0.27803205
147.63000000,0.27793083
147.64000000,0.27782965
147.65000000,0.27772853
147.66000000,0.27762746
147.67000000,0.27752644
147.68000000,0.27742547
147.69000000,0.27732455
147.70000000,0.27722368
147.71000000,0.27712286
147.72000000,0.27702209
147.73000000,0.27692137
147.74000000,0.27682069
147.75000000,0.27672007
147.76000000,0.27661949
147.77000000,0.27651896
147.78000000,0.27641848
147.79000000,0.27631805
147.80000000,0.27621766
147.81000000,0.27611732
147.82000000,0.27601702
147.83000000,0.27591677
147.84000000,0.27581657
147.85000000,0.27571641
147.86000000,0.27561629
147.87000000,0.27551622
147.88000000,0.27541619
147.89000000,0.27531621
147.90000000,0.27521627
147.91000000,0.27511638
147.92000000,0.27501652
147.93000000,0.27491671
147.94000000,0.27481694
147.95000000,0.27471722
147.96000000,0.27461753
147.97000000,0.27451789
147.98000000,0.27441828
147.99000000,0.27431872
148.00000000,0.27421920
148.01000000,0.27411971
148.02000000,0.27402027
148.03000000,0.27392087
148.04000000,0.27382150
148.05000000,0.27372217
148.06000000,0.27362288
148.07000000,0.27352363
148.08000000,0.27342442
148.09000000,0.27332524
148.10000000,0.27322610
148.11000000,0.27312700
148.12000000,0.27302793
148.13000000,0.27292890
148.14000000,0.27282991
148.15000000,0.27273095
148.16000000,0.27263202
148.17000000,0.27253313
148.18000000,0.27243427
148.19000000,0.27233545
148.20000000,0.27223666
148.21000000,0.27213791
148.22000000,0.27203919
148.23000000,0.27194050
148.24000000,0.27184184
148.25000000,0.27174321
148.26000000,0.27164462
148.27000000,0.27154606
148.28000000,0.27144752
148.29000000,0.27134902
148.30000000,0.27125055
148.31000000,0.27115211
148.32000000,0.27105370
148.33000000,0.27095532
148.34000000,0.27085696
148.35000000,0.27075864
148.36000000,0.27066035
148.37000000,0.27056208
148.38000000,0.27046384
148.39000000,0.27036562
148.40000000,0.27026744
148.41000000,0.27016928
148.42000000,0.27007115
148.43000000,0.26997304
148.44000000,0.26987496
148.45000000,0.26977691
148.46000000,0.26967888
148.47000000,0.26958087
148.48000000,0.26948289
148.49000000,0.26938493
148.50000000,0.26928700
148.51000000,0.26918909
148.52000000,0.26909120
148.53000000,0.26899334
148.54000000,0.26889550
148.55000000,0.26879769
148.56000000,0.26869989
148.57000000,0.26860212
148.58000000,0.26850437
148.59000000,0.26840665
148.60000000,0.26830895
148.61000000,0.26821127
148.62000000,0.26811361
148.63000000,0.26801598
148.64000000,0.26791837
148.65000000,0.26782078
148.66000000,0.26772321
148.67000000,0.26762567
148.68000000,0.26752815
148.69000000,0.26743065
148.70000000,0.26733317
148.71000000,0.26723571
148.72000000,0.26713828
148.73000000,0.26704087
148.74000000,0.26694348
148.75000000,0.26684611
148.76000000,0.26674876
148.77000000,0.26665143
148.78000000,0.26655413
148.79000000,0.26645685
148.80000000,0.26635958
148.81000000,0.26626234
148.82000000,0.26616512
148.83000000,0.26606793
148.84000000,0.26597075
148.85000000,0.26587359
148.86000000,0.26577646
148.87000000,0.26567934
148.88000000,0.26558225
148.89000000,0.26548518
148.90000000,0.26538812
148.91000000,0.26529109
148.92000000,0.26519408
148.93000000,0.26509709
148.94000000,0.26500012
148.95000000,0.26490316
148.96000000,0.26480623
148.97000000,0.26470932
148.98000000,0.26461243
148.99000000,0.26451556
149.00000000,0.26441871
149.01000000,0.26432188
149.02000000,0.26422507
149.03000000,0.26412827
149.04000000,0.26403150
149.05000000,0.26393475
149.06000000,0.26383801
149.07000000,0.26374130
149.08000000,0.26364460
149.09000000,0.26354793
149.10000000,0.26345127
149.11000000,0.26335463
149.12000000,0.26325801
149.13000000,0.26316141
149.14000000,0.26306483
149.15000000,0.26296827
149.16000000,0.26287172
149.17000000,0.26277519
149.18000000,0.26267869
149.19000000,0.26258220
149.20000000,0.26248573
149.21000000,0.26238927
149.22000000,0.26229284
149.23000000,0.26219642
149.24000000,0.26210003
149.25000000,0.26200365
149.26000000,0.26190728
149.27000000,0.26181094
149.28000000,0.26171461
149.29000000,0.26161830
149.30000000,0.26152201
149.31000000,0.26142574
149.32000000,0.26132948
149.33000000,0.26123324
149.34000000,0.26113702
149.35000000,0.26104081
149.36000000,0.26094462
149.37000000,0.26084845
149.38000000,0.26075230
149.39000000,0.26065616
149.40000000,0.26056004
149.41000000,0.26046394
149.42000000,0.26036785
149.43000000,0.26027178
149.44000000,0.26017573
149.45000000,0.26007969
149.46000000,0.25998367
149.47000000,0.25988767
149.48000000,0.25979168
149.49000000,0.25969571
149.50000000,0.25959975
149.51000000,0.25950381
149.52000000,0.25940789
149.53000000,0.25931198
149.54000000,0.25921609
149.55000000,0.25912022
149.56000000,0.25902437
149.57000000,0.25892854
149.58000000,0.25883273
149.59000000,0.25873695
149.60000000,0.25864118
149.61000000,0.25854544
149.62000000,0.25844972
149.63000000,0.25835402
149.64000000,0.25825835
149.65000000,0.25816270
149.66000000,0.25806708
149.67000000,0.25797148
149.68000000,0.25787591
149.69000000,0.25778037
149.70000000,0.25768486
149.71000000,0.25758938
149.72000000,0.25749393
149.73000000,0.25739850
149.74000000,0.25730311
149.75000000,0.25720775
149.76000000,0.25711243
149.77000000,0.25701713
149.78000000,0.25692187
149.79000000,0.25682664
149.80000000,0.25673145
149.81000000,0.25663630
149.82000000,0.25654118
149.83000000,0.25644609
149.84000000,0.25635105
149.85000000,0.25625604
149.86000000,0.25616107
149.87000000,0.25606614
149.88000000,0.25597125
149.89000000,0.25587641
149.90000000,0.25578160
149.91000000,0.25568683
149.92000000,0.25559211
149.93000000,0.25549743
149.94000000,0.25540280
149.95000000,0.25530821
149.96000000,0.25521367
149.97000000,0.25511917
149.98000000,0.25502472
149.99000000,0.25493031
150.00000000,0.25483596
150.01000000,0.25474165
150.02000000,0.25464739
150.03000000,0.25455318
150.04000000,0.25445903
150.05000000,0.25436492
150.06000000,0.25427087
150.07000000,0.25417686
150.08000000,0.25408291
150.09000000,0.25398902
150.10000000,0.25389518
150.11000000,0.25380139
150.12000000,0.25370766
150.13000000,0.25361399
150.14000000,0.25352038
150.15000000,0.25342682
150.16000000,0.25333332
150.17000000,0.25323988
150.18000000,0.25314650
150.19000000,0.25305318
150.20000000,0.25295992
150.21000000,0.25286672
150.22000000,0.25277358
150.23000000,0.25268051
150.24000000,0.25258750
150.25000000,0.25249456
150.26000000,0.25240168
150.27000000,0.25230886
150.28000000,0.25221612
150.29000000,0.25212344
150.30000000,0.25203082
150.31000000,0.25193828
150.32000000,0.25184580
150.33000000,0.25175339
150.34000000,0.25166106
150.35000000,0.25156879
150.36000000,0.25147660
150.37000000,0.25138448
150.38000000,0.25129243
150.39000000,0.25120045
150.40000000,0.25110855
150.41000000,0.25101672
150.42000000,0.25092497
150.43000000,0.25083330
150.44000000,0.25074170
150.45000000,0.25065017
150.46000000,0.25055873
150.47000000,0.25046737
150.48000000,0.25037608
150.49000000,0.25028488
150.50000000,0.25019375
150.51000000,0.25010271
150.52000000,0.25001174
150.53000000,0.24992086
150.54000000,0.24983006
150.55000000,0.24973934
150.56000000,0.24964870
150.57000000,0.24955814
150.58000000,0.24946766
150.59000000,0.24937727
150.60000000,0.24928695
150.61000000,0.24919671
150.62000000,0.24910656
150.63000000,0.24901648
150.64000000,0.24892648
150.65000000,0.24883656
150.66000000,0.24874673
150.67000000,0.24865697
150.68000000,0.24856729
150.69000000,0.24847769
150.70000000,0.24838817
150.71000000,0.24829873
150.72000000,0.24820936
150.73000000,0.24812008
150.74000000,0.24803088
150.75000000,0.24794175
150.76000000,0.24785270
150.77000000,0.24776374
150.78000000,0.24767484
150.79000000,0.24758603
150.80000000,0.24749730
150.81000000,0.24740864
150.82000000,0.24732006
150.83000000,0.24723156
150.84000000,0.24714314
150.85000000,0.24705480
150.86000000,0.24696653
150.87000000,0.24687834
150.88000000,0.24679023
150.89000000,0.24670219
150.90000000,0.24661423
150.91000000,0.24652635
150.92000000,0.24643855
150.93000000,0.24635082
150.94000000,0.24626317
150.95000000,0.24617559
150.96000000,0.24608810
150.97000000,0.24600067
150.98000000,0.24591333
150.99000000,0.24582606
151.00000000,0.24573887
151.01000000,0.24565175
151.02000000,0.24556471
151.03000000,0.24547774
151.04000000,0.24539085
151.05000000,0.24530404
151.06000000,0.24521730
151.07000000,0.24513063
151.08000000,0.24504404
151.09000000,0.24495753
151.10000000,0.24487109
151.11000000,0.24478473
151.12000000,0.24469844
151.13000000,0.24461222
151.14000000,0.24452608
151.15000000,0.24444001
151.16000000,0.24435402
151.17000000,0.24426811
151.18000000,0.24418226
151.19000000,0.24409649
151.20000000,0.24401080
151.21000000,0.24392518
151.22000000,0.24383963
151.23000000,0.24375415
151.24000000,0.24366875
151.25000000,0.24358342
151.26000000,0.24349817
151.27000000,0.24341299
151.28000000,0.24332788
151.29000000,0.24324284
151.30000000,0.24315788
151.31000000,0.24307299
151.32000000,0.24298817
151.33000000,0.24290343
151.34000000,0.24281876
151.35000000,0.24273416
151.36000000,0.24264963
151.37000000,0.24256517
151.38000000,0.24248079
151.39000000,0.24239647
151.40000000,0.24231223
151.41000000,0.24222807
151.42000000,0.24214397
151.43000000,0.24205994
151.44000000,0.24197599
151.45000000,0.24189210
151.46000000,0.24180829
151.47000000,0.24172455
151.48000000,0.24164088
151.49000000,0.24155728
151.50000000,0.24147375
151.51000000,0.24139029
151.52000000,0.24130690
151.53000000,0.24122358
151.54000000,0.24114033
151.55000000,0.24105715
151.56000000,0.24097404
151.57000000,0.24089100
151.58000000,0.24080802
151.59000000,0.24072511
151.60000000,0.24064227
151.61000000,0.24055949
151.62000000,0.24047679
151.63000000,0.24039414
151.64000000,0.24031156
151.65000000,0.24022905
151.66000000,0.24014660
151.67000000,0.24006421
151.68000000,0.23998189
151.69000000,0.23989963
151.70000000,0.23981743
151.71000000,0.23973530
151.72000000,0.23965323
151.73000000,0.23957122
151.74000000,0.23948927
151.75000000,0.23940738
151.76000000,0.23932555
151.77000000,0.23924378
151.78000000,0.23916207
151.79000000,0.23908042
151.80000000,0.23899883
151.81000000,0.23891730
151.82000000,0.23883582
151.83000000,0.23875440
151.84000000,0.23867304
151.85000000,0.23859174
151.86000000,0.23851049
151.87000000,0.23842930
151.88000000,0.23834816
151.89000000,0.23826708
151.90000000,0.23818605
151.91000000,0.23810508
151.92000000,0.23802416
151.93000000,0.23794329
151.94000000,0.23786248
151.95000000,0.23778171
151.96000000,0.23770100
151.97000000,0.23762035
151.98000000,0.23753974
151.99000000,0.23745918
152.00000000,0.23737868
152.01000000,0.23729822
152.02000000,0.23721782
152.03000000,0.23713746
152.04000000,0.23705715
152.05000000,0.23697689
152.06000000,0.23689668
152.07000000,0.23681652
152.08000000,0.23673640
152.09000000,0.23665633
152.10000000,0.23657630
152.11000000,0.23649633
152.12000000,0.23641639
152.13000000,0.23633651
152.14000000,0.23625666
152.15000000,0.23617686
152.16000000,0.23609711
152.17000000,0.23601740
152.18000000,0.23593773
152.19000000,0.23585810
152.20000000,0.23577852
152.21000000,0.23569897
152.22000000,0.23561947
152.23000000,0.23554001
152.24000000,0.23546059
152.25000000,0.23538121
152.26000000,0.23530188
152.27000000,0.23522257
152.28000000,0.23514331
152.29000000,0.23506409
152.30000000,0.23498491
152.31000000,0.23490576
152.32000000,0.23482665
152.33000000,0.23474757
152.34000000,0.23466854
152.35000000,0.23458954
152.36000000,0.23451057
152.37000000,0.23443164
152.38000000,0.23435275
152.39000000,0.23427388
152.40000000,0.23419506
152.41000000,0.23411626
152.42000000,0.23403750
152.43000000,0.23395878
152.44000000,0.23388008
152.45000000,0.23380142
152.46000000,0.23372278
152.47000000,0.23364418
152.48000000,0.23356561
152.49000000,0.23348707
152.50000000,0.23340856
152.51000000,0.23333008
152.52000000,0.23325163
152.53000000,0.23317321
152.54000000,0.23309482
152.55000000,0.23301645
152.56000000,0.23293812
152.57000000,0.23285981
152.58000000,0.23278154
152.59000000,0.23270329
152.60000000,0.23262507
152.61000000,0.23254689
152.62000000,0.23246873
152.63000000,0.23239060
152.64000000,0.23231250
152.65000000,0.23223443
152.66000000,0.23215639
152.67000000,0.23207838
152.68000000,0.23200039
152.69000000,0.23192244
152.70000000,0.23184451
152.71000000,0.23176662
152.72000000,0.23168875
152.73000000,0.23161091
152.74000000,0.23153311
152.75000000,0.23145533
152.76000000,0.23137758
152.77000000,0.23129985
152.78000000,0.23122216
152.79000000,0.23114450
152.80000000,0.23106687
152.81000000,0.23098926
152.82000000,0.23091168
152.83000000,0.23083414
152.84000000,0.23075662
152.85000000,0.23067913
152.86000000,0.23060167
152.87000000,0.23052424
152.88000000,0.23044683
152.89000000,0.23036946
152.90000000,0.23029212
152.91000000,0.23021480
152.92000000,0.23013751
152.93000000,0.23006025
152.94000000,0.22998302
152.95000000,0.22990582
152.96000000,0.22982865
152.97000000,0.22975151
152.98000000,0.22967439
152.99000000,0.22959731
153.00000000,0.22952025
153.01000000,0.22944322
153.02000000,0.22936622
153.03000000,0.22928925
153.04000000,0.22921231
153.05000000,0.22913539
153.06000000,0.22905851
153.07000000,0.22898165
153.08000000,0.22890482
153.09000000,0.22882802
153.10000000,0.22875125
153.11000000,0.22867451
153.12000000,0.22859780
153.13000000,0.22852111
153.14000000,0.22844446
153.15000000,0.22836783
153.16000000,0.22829123
153.17000000,0.22821466
153.18000000,0.22813811
153.19000000,0.22806160
153.20000000,0.22798511
153.21000000,0.22790866
153.22000000,0.22783223
153.23000000,0.22775583
153.24000000,0.22767945
153.25000000,0.22760311
153.26000000,0.22752680
153.27000000,0.22745051
153.28000000,0.22737425
153.29000000,0.22729802
153.30000000,0.22722182
153.31000000,0.22714564
153.32000000,0.22706950
153.33000000,0.22699338
153.34000000,0.22691729
153.35000000,0.22684123
153.36000000,0.22676520
153.37000000,0.22668919
153.38000000,0.22661321
153.39000000,0.22653727
153.40000000,0.22646135
153.41000000,0.22638545
153.42000000,0.22630959
153.43000000,0.22623375
153.44000000,0.22615795
153.45000000,0.22608217
153.46000000,0.22600641
153.47000000,0.22593069
153.48000000,0.22585499
153.49000000,0.22577933
153.50000000,0.22570369
153.51000000,0.22562808
153.52000000,0.22555249
153.53000000,0.22547694
153.54000000,0.22540141
153.55000000,0.22532591
153.56000000,0.22525044
153.57000000,0.22517500
153.58000000,0.22509958
153.59000000,0.22502420
153.60000000,0.22494884
153.61000000,0.22487351
153.62000000,0.22479821
153.63000000,0.22472294
153.64000000,0.22464769
153.65000000,0.22457248
153.66000000,0.22449729
153.67000000,0.22442214
153.68000000,0.22434701
153.69000000,0.22427191
153.70000000,0.22419684
153.71000000,0.22412180
153.72000000,0.22404678
153.73000000,0.22397180
153.74000000,0.22389684
153.75000000,0.22382192
153.76000000,0.22374702
153.77000000,0.22367215
153.78000000,0.22359732
153.79000000,0.22352251
153.80000000,0.22344773
153.81000000,0.22337298
153.82000000,0.22329826
153.83000000,0.22322357
153.84000000,0.22314891
153.85000000,0.22307428
153.86000000,0.22299967
153.87000000,0.22292510
153.88000000,0.22285056
153.89000000,0.22277605
153.90000000,0.22270156
153.91000000,0.22262711
153.92000000,0.22255269
153.93000000,0.22247829
153.94000000,0.22240393
153.95000000,0.22232960
153.96000000,0.22225529
153.97000000,0.22218102
153.98000000,0.22210678
153.99000000,0.22203257
154.00000000,0.22195839
154.01000000,0.22188423
154.02000000,0.22181011
154.03000000,0.22173602
154.04000000,0.22166196
154.05000000,0.22158793
154.06000000,0.22151393
154.07000000,0.22143997
154.08000000,0.22136603
154.09000000,0.22129212
154.10000000,0.22121824
154.11000000,0.22114440
154.12000000,0.22107059
154.13000000,0.22099680
154.14000000,0.22092305
154.15000000,0.22084933
154.16000000,0.22077564
154.17000000,0.22070198
154.18000000,0.22062835
154.19000000,0.22055475
154.20000000,0.22048119
154.21000000,0.22040765
154.22000000,0.22033415
154.23000000,0.22026068
154.24000000,0.22018724
154.25000000,0.22011383
154.26000000,0.22004045
154.27000000,0.21996711
154.28000000,0.21989380
154.29000000,0.21982051
154.30000000,0.21974726
154.31000000,0.21967405
154.32000000,0.21960086
154.33000000,0.21952770
154.34000000,0.21945458
154.35000000,0.21938149
154.36000000,0.21930843
154.37000000,0.21923541
154.38000000,0.21916241
154.39000000,0.21908945
154.40000000,0.21901652
154.41000000,0.21894362
154.42000000,0.21887076
154.43000000,0.21879792
154.44000000,0.21872512
154.45000000,0.21865235
154.46000000,0.21857962
154.47000000,0.21850691
154.48000000,0.21843424
154.49000000,0.21836161
154.50000000,0.21828900
154.51000000,0.21821643
154.52000000,0.21814389
154.53000000,0.21807138
154.54000000,0.21799891
154.55000000,0.21792646
154.56000000,0.21785405
154.57000000,0.21778168
154.58000000,0.21770933
154.59000000,0.21763702
154.60000000,0.21756473
154.61000000,0.21749248
154.62000000,0.21742027
154.63000000,0.21734808
154.64000000,0.21727593
154.65000000,0.21720380
154.66000000,0.21713171
154.67000000,0.21705965
154.68000000,0.21698762
154.69000000,0.21691563
154.70000000,0.21684366
154.71000000,0.21677173
154.72000000,0.21669982
154.73000000,0.21662795
154.74000000,0.21655611
154.75000000,0.21648430
154.76000000,0.21641252
154.77000000,0.21634077
154.78000000,0.21626905
154.79000000,0.21619736
154.80000000,0.21612570
154.81000000,0.21605407
154.82000000,0.21598247
154.83000000,0.21591091
154.84000000,0.21583937
154.85000000,0.21576786
154.86000000,0.21569638
154.87000000,0.21562494
154.88000000,0.21555352
154.89000000,0.21548213
154.90000000,0.21541077
154.91000000,0.21533944
154.92000000,0.21526814
154.93000000,0.21519687
154.94000000,0.21512563
154.95000000,0.21505441
154.96000000,0.21498323
154.97000000,0.21491208
154.98000000,0.21484095
154.99000000,0.21476985
155.00000000,0.21469879
155.01000000,0.21462775
155.02000000,0.21455674
155.03000000,0.21448575
155.04000000,0.21441480
155.05000000,0.21434388
155.06000000,0.21427298
155.07000000,0.21420211
155.08000000,0.21413127
155.09000000,0.21406046
155.10000000,0.21398967
155.11000000,0.21391891
155.12000000,0.21384818
155.13000000,0.21377748
155.14000000,0.21370681
155.15000000,0.21363616
155.16000000,0.21356554
155.17000000,0.21349495
155.18000000,0.21342439
155.19000000,0.21335385
155.20000000,0.21328334
155.21000000,0.21321286
155.22000000,0.21314240
155.23000000,0.21307197
155.24000000,0.21300157
155.25000000,0.21293120
155.26000000,0.21286085
155.27000000,0.21279052
155.28000000,0.21272023
155.29000000,0.21264996
155.30000000,0.21257972
155.31000000,0.21250950
155.32000000,0.21243931
155.33000000,0.21236914
155.34000000,0.21229900
155.35000000,0.21222889
155.36000000,0.21215880
155.37000000,0.21208874
155.38000000,0.21201871
155.39000000,0.21194870
155.40000000,0.21187871
155.41000000,0.21180875
155.42000000,0.21173882
155.43000000,0.21166891
155.44000000,0.21159903
155.45000000,0.21152917
155.46000000,0.21145934
155.47000000,0.21138953
155.48000000,0.21131974
155.49000000,0.21124998
155.50000000,0.21118025
155.51000000,0.21111054
155.52000000,0.21104086
155.53000000,0.21097120
155.54000000,0.21090156
155.55000000,0.21083195
155.56000000,0.21076236
155.57000000,0.21069280
155.58000000,0.21062327
155.59000000,0.21055376
155.60000000,0.21048427
155.61000000,0.21041481
155.62000000,0.21034538
155.63000000,0.21027597
155.64000000,0.21020659
155.65000000,0.21013723
155.66000000,0.21006790
155.67000000,0.20999860
155.68000000,0.20992932
155.69000000,0.20986006
155.70000000,0.20979084
155.71000000,0.20972163
155.72000000,0.20965246
155.73000000,0.20958331
155.74000000,0.20951419
155.75000000,0.20944509
155.76000000,0.20937602
155.77000000,0.20930698
155.78000000,0.20923796
155.79000000,0.20916898
155.80000000,0.20910001
155.81000000,0.20903108
155.82000000,0.20896217
155.83000000,0.20889329
155.84000000,0.20882443
155.85000000,0.20875561
155.86000000,0.20868681
155.87000000,0.20861803
155.88000000,0.20854929
155.89000000,0.20848057
155.90000000,0.20841188
155.91000000,0.20834322
155.92000000,0.20827459
155.93000000,0.20820598
155.94000000,0.20813740
155.95000000,0.20806885
155.96000000,0.20800033
155.97000000,0.20793183
155.98000000,0.20786337
155.99000000,0.20779493
156.00000000,0.20772652
156.01000000,0.20765814
156.02000000,0.20758979
156.03000000,0.20752147
156.04000000,0.20745317
156.05000000,0.20738491
156.06000000,0.20731667
156.07000000,0.20724846
156.08000000,0.20718028
156.09000000,0.20711213
156.10000000,0.20704401
156.11000000,0.20697592
156.12000000,0.20690786
156.13000000,0.20683982
156.14000000,0.20677182
156.15000000,0.20670385
156.16000000,0.20663590
156.17000000,0.20656799
156.18000000,0.20650010
156.19000000,0.20643225
156.20000000,0.20636443
156.21000000,0.20629663
156.22000000,0.20622887
156.23000000,0.20616113
156.24000000,0.20609343
156.25000000,0.20602575
156.26000000,0.20595811
156.27000000,0.20589050
156.28000000,0.20582292
156.29000000,0.20575536
156.30000000,0.20568784
156.31000000,0.20562035
156.32000000,0.20555289
156.33000000,0.20548547
156.34000000,0.20541807
156.35000000,0.20535070
156.36000000,0.20528337
156.37000000,0.20521606
156.38000000,0.20514879
156.39000000,0.20508155
156.40000000,0.20501434
156.41000000,0.20494716
156.42000000,0.20488002
156.43000000,0.20481290
156.44000000,0.20474582
156.45000000,0.20467877
156.46000000,0.20461175
156.47000000,0.20454477
156.48000000,0.20447781
156.49000000,0.20441089
156.50000000,0.20434400
156.51000000,0.20427714
156.52000000,0.20421032
156.53000000,0.20414352
156.54000000,0.20407676
156.55000000,0.20401004
156.56000000,0.20394334
156.57000000,0.20387668
156.58000000,0.20381005
156.59000000,0.20374345
156.60000000,0.20367689
156.61000000,0.20361036
156.62000000,0.20354386
156.63000000,0.20347740
156.64000000,0.20341096
156.65000000,0.20334457
156.66000000,0.20327820
156.67000000,0.20321187
156.68000000,0.20314557
156.69000000,0.20307930
156.70000000,0.20301307
156.71000000,0.20294687
156.72000000,0.20288070
156.73000000,0.20281457
156.74000000,0.20274847
156.75000000,0.20268241
156.76000000,0.20261638
156.77000000,0.20255038
156.78000000,0.20248442
156.79000000,0.20241849
156.80000000,0.20235259
156.81000000,0.20228673
156.82000000,0.20222090
156.83000000,0.20215510
156.84000000,0.20208934
156.85000000,0.20202362
156.86000000,0.20195793
156.87000000,0.20189227
156.88000000,0.20182664
156.89000000,0.20176106
156.90000000,0.20169550
156.91000000,0.20162998
156.92000000,0.20156450
156.93000000,0.20149904
156.94000000,0.20143363
156.95000000,0.20136825
156.96000000,0.20130290
156.97000000,0.20123759
156.98000000,0.20117231
156.99000000,0.20110707
157.00000000,0.20104186
157.01000000,0.20097668
157.02000000,0.20091155
157.03000000,0.20084644
157.04000000,0.20078138
157.05000000,0.20071634
157.06000000,0.20065135
157.07000000,0.20058638
157.08000000,0.20052146
157.09000000,0.20045657
157.10000000,0.20039171
157.11000000,0.20032689
157.12000000,0.20026211
157.13000000,0.20019736
157.14000000,0.20013264
157.15000000,0.20006796
157.16000000,0.20000332
157.17000000,0.19993872
157.18000000,0.19987415
157.19000000,0.19980961
157.20000000,0.19974511
157.21000000,0.19968065
157.22000000,0.19961622
157.23000000,0.19955183
157.24000000,0.19948748
157.25000000,0.19942316
157.26000000,0.19935888
157.27000000,0.19929463
157.28000000,0.19923042
157.29000000,0.19916625
157.30000000,0.19910211
157.31000000,0.19903801
157.32000000,0.19897395
157.33000000,0.19890992
157.34000000,0.19884593
157.35000000,0.19878198
157.36000000,0.19871806
157.37000000,0.19865418
157.38000000,0.19859034
157.39000000,0.19852654
157.40000000,0.19846277
157.41000000,0.19839904
157.42000000,0.19833534
157.43000000,0.19827168
157.44000000,0.19820806
157.45000000,0.19814448
157.46000000,0.19808093
157.47000000,0.19801743
157.48000000,0.19795395
157.49000000,0.19789052
157.50000000,0.19782712
157.51000000,0.19776377
157.52000000,0.19770045
157.53000000,0.19763716
157.54000000,0.19757391
157.55000000,0.19751070
157.56000000,0.19744753
157.57000000,0.19738439
157.58000000,0.19732129
157.59000000,0.19725823
157.60000000,0.19719520
157.61000000,0.19713221
157.62000000,0.19706925
157.63000000,0.19700633
157.64000000,0.19694344
157.65000000,0.19688059
157.66000000,0.19681778
157.67000000,0.19675500
157.68000000,0.19669225
157.69000000,0.19662954
157.70000000,0.19656686
157.71000000,0.19650422
157.72000000,0.19644161
157.73000000,0.19637903
157.74000000,0.19631649
157.75000000,0.19625398
157.76000000,0.19619150
157.77000000,0.19612906
157.78000000,0.19606665
157.79000000,0.19600427
157.80000000,0.19594192
157.81000000,0.19587961
157.82000000,0.19581733
157.83000000,0.19575508
157.84000000,0.19569287
157.85000000,0.19563068
157.86000000,0.19556853
157.87000000,0.19550640
157.88000000,0.19544431
157.89000000,0.19538225
157.90000000,0.19532022
157.91000000,0.19525822
157.92000000,0.19519625
157.93000000,0.19513432
157.94000000,0.19507241
157.95000000,0.19501053
157.96000000,0.19494868
157.97000000,0.19488686
157.98000000,0.19482507
157.99000000,0.19476331
158.00000000,0.19470158
158.01000000,0.19463988
158.02000000,0.19457820
158.03000000,0.19451656
158.04000000,0.19445494
158.05000000,0.19439335
158.06000000,0.19433179
158.07000000,0.19427025
158.08000000,0.19420875
158.09000000,0.19414727
158.10000000,0.19408582
158.11000000,0.19402439
158.12000000,0.19396300
158.13000000,0.19390163
158.14000000,0.19384028
158.15000000,0.19377897
158.16000000,0.19371767
158.17000000,0.19365641
158.18000000,0.19359517
158.19000000,0.19353396
158.20000000,0.19347277
158.21000000,0.19341160
158.22000000,0.19335047
158.23000000,0.19328935
158.24000000,0.19322827
158.25000000,0.19316720
158.26000000,0.19310616
158.27000000,0.19304515
158.28000000,0.19298416
158.29000000,0.19292319
158.30000000,0.19286225
158.31000000,0.19280133
158.32000000,0.19274044
158.33000000,0.19267956
158.34000000,0.19261872
158.35000000,0.19255789
158.36000000,0.19249709
158.37000000,0.19243630
158.38000000,0.19237555
158.39000000,0.19231481
158.40000000,0.19225410
158.41000000,0.19219340
158.42000000,0.19213273
158.43000000,0.19207208
158.44000000,0.19201145
158.45000000,0.19195085
158.46000000,0.19189026
158.47000000,0.19182970
158.48000000,0.19176915
158.49000000,0.19170863
158.50000000,0.19164812
158.51000000,0.19158764
158.52000000,0.19152718
158.53000000,0.19146673
158.54000000,0.19140631
158.55000000,0.19134590
158.56000000,0.19128552
158.57000000,0.19122515
158.58000000,0.19116481
158.59000000,0.19110448
158.60000000,0.19104417
158.61000000,0.19098387
158.62000000,0.19092360
158.63000000,0.19086334
158.64000000,0.19080311
158.65000000,0.19074289
158.66000000,0.19068268
158.67000000,0.19062250
158.68000000,0.19056233
158.69000000,0.19050218
158.70000000,0.19044204
158.71000000,0.19038193
158.72000000,0.19032182
158.73000000,0.19026174
158.74000000,0.19020167
158.75000000,0.19014162
158.76000000,0.19008158
158.77000000,0.19002156
158.78000000,0.18996155
158.79000000,0.18990156
158.80000000,0.18984158
158.81000000,0.18978162
158.82000000,0.18972168
158.83000000,0.18966174
158.84000000,0.18960183
158.85000000,0.18954192
158.86000000,0.18948203
158.87000000,0.18942216
158.88000000,0.18936230
158.89000000,0.18930245
158.90000000,0.18924261
158.91000000,0.18918279
158.92000000,0.18912298
158.93000000,0.18906318
158.94000000,0.18900340
158.95000000,0.18894363
158.96000000,0.18888387
158.97000000,0.18882412
158.98000000,0.18876439
158.99000000,0.18870466
159.00000000,0.18864495
159.01000000,0.18858525
159.02000000,0.18852556
159.03000000,0.18846588
159.04000000,0.18840622
159.05000000,0.18834656
159.06000000,0.18828691
159.07000000,0.18822728
159.08000000,0.18816765
159.09000000,0.18810804
159.10000000,0.18804843
159.11000000,0.18798884
159.12000000,0.18792925
159.13000000,0.18786967
159.14000000,0.18781010
159.15000000,0.18775054
159.16000000,0.18769099
159.17000000,0.18763145
159.18000000,0.18757192
159.19000000,0.18751239
159.20000000,0.18745288
159.21000000,0.18739337
159.22000000,0.18733387
159.23000000,0.18727437
159.24000000,0.18721489
159.25000000,0.18715541
159.26000000,0.18709593
159.27000000,0.18703647
159.28000000,0.18697701
159.29000000,0.18691756
159.30000000,0.18685811
159.31000000,0.18679867
159.32000000,0.18673924
159.33000000,0.18667981
159.34000000,0.18662039
159.35000000,0.18656097
159.36000000,0.18650156
159.37000000,0.18644215
159.38000000,0.18638275
159.39000000,0.18632335
159.40000000,0.18626396
159.41000000,0.18620457
159.42000000,0.18614519
159.43000000,0.18608581
159.44000000,0.18602643
159.45000000,0.18596706
159.46000000,0.18590769
159.47000000,0.18584833
159.48000000,0.18578897
159.49000000,0.18572961
159.50000000,0.18567025
